file,dataset,dataset_label,n,m,regime,group,pvc_size,pvc_proportion,winner,epsilon
00048-00000024.soc,spotify,Spotify,31,38,n ≈ m,Spotify (n ≈ m),1,0.02631578947368421,3,0.0
00048-00000036.soc,spotify,Spotify,31,77,n ≪ m,Spotify (n ≪ m),1,0.012987012987012988,49,0.0
00048-00000051.soc,spotify,Spotify,31,63,n ≪ m,Spotify (n ≪ m),1,0.015873015873015872,28,0.0
00048-00000052.soc,spotify,Spotify,29,64,n ≪ m,Spotify (n ≪ m),2,0.03125,31,0.0
00048-00000053.soc,spotify,Spotify,29,58,n ≪ m,Spotify (n ≪ m),1,0.017241379310344827,38,0.0
00048-00000054.soc,spotify,Spotify,29,65,n ≪ m,Spotify (n ≪ m),1,0.015384615384615385,42,0.0
00048-00000055.soc,spotify,Spotify,31,67,n ≪ m,Spotify (n ≪ m),4,0.05970149253731343,43,0.0
00048-00000056.soc,spotify,Spotify,31,75,n ≪ m,Spotify (n ≪ m),1,0.013333333333333334,53,0.0
00048-00000057.soc,spotify,Spotify,30,89,n ≪ m,Spotify (n ≪ m),2,0.02247191011235955,63,0.0
00048-00000058.soc,spotify,Spotify,30,83,n ≪ m,Spotify (n ≪ m),3,0.03614457831325301,39,0.0
00048-00000059.soc,spotify,Spotify,30,75,n ≪ m,Spotify (n ≪ m),1,0.013333333333333334,51,0.0
00048-00000060.soc,spotify,Spotify,31,79,n ≪ m,Spotify (n ≪ m),1,0.012658227848101266,57,0.0
00048-00000120.soc,spotify,Spotify,31,92,n ≪ m,Spotify (n ≪ m),1,0.010869565217391304,83,0.0
00048-00000139.soc,spotify,Spotify,31,91,n ≪ m,Spotify (n ≪ m),1,0.01098901098901099,10,0.0
00048-00000144.soc,spotify,Spotify,31,29,n ≈ m,Spotify (n ≈ m),2,0.06896551724137931,19,0.0
00048-00000167.soc,spotify,Spotify,30,94,n ≪ m,Spotify (n ≪ m),1,0.010638297872340425,56,0.0
00048-00000168.soc,spotify,Spotify,31,33,n ≈ m,Spotify (n ≈ m),2,0.06060606060606061,20,0.0
00048-00000169.soc,spotify,Spotify,31,91,n ≪ m,Spotify (n ≪ m),2,0.02197802197802198,48,0.0
00048-00000171.soc,spotify,Spotify,31,99,n ≪ m,Spotify (n ≪ m),1,0.010101010101010102,46,0.0
00048-00000193.soc,spotify,Spotify,24,23,n ≈ m,Spotify (n ≈ m),1,0.043478260869565216,17,0.0
00048-00000194.soc,spotify,Spotify,28,24,n ≈ m,Spotify (n ≈ m),1,0.041666666666666664,19,0.0
00048-00000197.soc,spotify,Spotify,29,24,n ≈ m,Spotify (n ≈ m),3,0.125,5,0.0
00048-00000201.soc,spotify,Spotify,6,36,n ≪ m,Spotify (n ≪ m),2,0.05555555555555555,19,0.0
00048-00000202.soc,spotify,Spotify,9,36,n ≪ m,Spotify (n ≪ m),1,0.027777777777777776,19,0.0
00048-00000204.soc,spotify,Spotify,18,17,n ≈ m,Spotify (n ≈ m),1,0.058823529411764705,15,0.0
00048-00000221.soc,spotify,Spotify,29,100,n ≪ m,Spotify (n ≪ m),2,0.02,37,0.0
00048-00000222.soc,spotify,Spotify,29,98,n ≪ m,Spotify (n ≪ m),2,0.02040816326530612,96,0.0
00048-00000228.soc,spotify,Spotify,31,33,n ≈ m,Spotify (n ≈ m),3,0.09090909090909091,26,0.0
00048-00000237.soc,spotify,Spotify,30,98,n ≪ m,Spotify (n ≪ m),2,0.02040816326530612,96,0.0
00048-00000240.soc,spotify,Spotify,31,89,n ≪ m,Spotify (n ≪ m),4,0.0449438202247191,18,0.0
00048-00000264.soc,spotify,Spotify,31,88,n ≪ m,Spotify (n ≪ m),1,0.011363636363636364,56,0.0
00048-00000265.soc,spotify,Spotify,31,27,n ≈ m,Spotify (n ≈ m),2,0.07407407407407407,19,0.0
00048-00000267.soc,spotify,Spotify,31,35,n ≈ m,Spotify (n ≈ m),1,0.02857142857142857,6,0.0
00048-00000268.soc,spotify,Spotify,30,32,n ≈ m,Spotify (n ≈ m),2,0.0625,5,0.0
00048-00000271.soc,spotify,Spotify,31,37,n ≈ m,Spotify (n ≈ m),2,0.05405405405405406,35,0.0
00048-00000277.soc,spotify,Spotify,31,94,n ≪ m,Spotify (n ≪ m),1,0.010638297872340425,37,0.0
00048-00000300.soc,spotify,Spotify,31,99,n ≪ m,Spotify (n ≪ m),2,0.020202020202020204,89,0.0
00048-00000302.soc,spotify,Spotify,28,72,n ≪ m,Spotify (n ≪ m),1,0.013888888888888888,37,0.0
00048-00000303.soc,spotify,Spotify,30,81,n ≪ m,Spotify (n ≪ m),1,0.012345679012345678,39,0.0
00048-00000304.soc,spotify,Spotify,30,78,n ≪ m,Spotify (n ≪ m),3,0.038461538461538464,45,0.0
00048-00000305.soc,spotify,Spotify,29,79,n ≪ m,Spotify (n ≪ m),2,0.02531645569620253,52,0.0
00048-00000306.soc,spotify,Spotify,29,88,n ≪ m,Spotify (n ≪ m),1,0.011363636363636364,63,0.0
00048-00000307.soc,spotify,Spotify,30,84,n ≪ m,Spotify (n ≪ m),2,0.023809523809523808,66,0.0
00048-00000308.soc,spotify,Spotify,31,82,n ≪ m,Spotify (n ≪ m),1,0.012195121951219513,62,0.0
00048-00000309.soc,spotify,Spotify,30,85,n ≪ m,Spotify (n ≪ m),4,0.047058823529411764,67,0.0
00048-00000310.soc,spotify,Spotify,31,74,n ≪ m,Spotify (n ≪ m),3,0.04054054054054054,44,0.0
00048-00000311.soc,spotify,Spotify,29,68,n ≪ m,Spotify (n ≪ m),1,0.014705882352941176,63,0.0
00048-00000313.soc,spotify,Spotify,31,79,n ≪ m,Spotify (n ≪ m),1,0.012658227848101266,66,0.0
00048-00000314.soc,spotify,Spotify,28,96,n ≪ m,Spotify (n ≪ m),1,0.010416666666666666,12,0.0
00048-00000315.soc,spotify,Spotify,31,97,n ≪ m,Spotify (n ≪ m),1,0.010309278350515464,12,0.0
00048-00000316.soc,spotify,Spotify,30,83,n ≪ m,Spotify (n ≪ m),1,0.012048192771084338,13,0.0
00048-00000317.soc,spotify,Spotify,29,83,n ≪ m,Spotify (n ≪ m),3,0.03614457831325301,5,0.0
00048-00000318.soc,spotify,Spotify,29,81,n ≪ m,Spotify (n ≪ m),1,0.012345679012345678,80,0.0
00048-00000319.soc,spotify,Spotify,31,75,n ≪ m,Spotify (n ≪ m),2,0.02666666666666667,75,0.0
00048-00000320.soc,spotify,Spotify,31,87,n ≪ m,Spotify (n ≪ m),1,0.011494252873563218,33,0.0
00048-00000321.soc,spotify,Spotify,30,90,n ≪ m,Spotify (n ≪ m),3,0.03333333333333333,34,0.0
00048-00000322.soc,spotify,Spotify,31,87,n ≪ m,Spotify (n ≪ m),4,0.04597701149425287,24,0.0
00048-00000323.soc,spotify,Spotify,30,91,n ≪ m,Spotify (n ≪ m),2,0.02197802197802198,23,0.0
00048-00000339.soc,spotify,Spotify,31,91,n ≪ m,Spotify (n ≪ m),1,0.01098901098901099,8,0.0
00048-00000349.soc,spotify,Spotify,31,26,n ≈ m,Spotify (n ≈ m),5,0.19230769230769232,21,0.0
00048-00000372.soc,spotify,Spotify,31,92,n ≪ m,Spotify (n ≪ m),6,0.06521739130434782,50,0.0
00048-00000373.soc,spotify,Spotify,31,69,n ≪ m,Spotify (n ≪ m),2,0.028985507246376812,42,0.0
00048-00000375.soc,spotify,Spotify,31,99,n ≪ m,Spotify (n ≪ m),2,0.020202020202020204,4,0.0
00048-00000384.soc,spotify,Spotify,31,88,n ≪ m,Spotify (n ≪ m),1,0.011363636363636364,5,0.0
00048-00000385.soc,spotify,Spotify,30,26,n ≈ m,Spotify (n ≈ m),3,0.11538461538461539,13,0.0
00048-00000386.soc,spotify,Spotify,27,32,n ≈ m,Spotify (n ≈ m),1,0.03125,7,0.0
00048-00000387.soc,spotify,Spotify,31,31,n ≈ m,Spotify (n ≈ m),1,0.03225806451612903,6,0.0
00048-00000388.soc,spotify,Spotify,30,27,n ≈ m,Spotify (n ≈ m),2,0.07407407407407407,11,0.0
00048-00000389.soc,spotify,Spotify,29,26,n ≈ m,Spotify (n ≈ m),5,0.19230769230769232,8,0.0
00048-00000390.soc,spotify,Spotify,29,30,n ≈ m,Spotify (n ≈ m),2,0.06666666666666667,27,0.0
00048-00000391.soc,spotify,Spotify,31,30,n ≈ m,Spotify (n ≈ m),2,0.06666666666666667,10,0.0
00048-00000392.soc,spotify,Spotify,25,29,n ≈ m,Spotify (n ≈ m),7,0.2413793103448276,17,0.0
00048-00000405.soc,spotify,Spotify,1,84,n ≪ m,Spotify (n ≪ m),1,0.011904761904761904,58,0.0
00048-00000407.soc,spotify,Spotify,28,28,n ≈ m,Spotify (n ≈ m),1,0.03571428571428571,6,0.0
00048-00000408.soc,spotify,Spotify,31,27,n ≈ m,Spotify (n ≈ m),1,0.037037037037037035,5,0.0
00048-00000409.soc,spotify,Spotify,30,27,n ≈ m,Spotify (n ≈ m),3,0.1111111111111111,11,0.0
00048-00000410.soc,spotify,Spotify,29,24,n ≈ m,Spotify (n ≈ m),2,0.08333333333333333,9,0.0
00048-00000412.soc,spotify,Spotify,31,25,n ≈ m,Spotify (n ≈ m),1,0.04,9,0.0
00048-00000413.soc,spotify,Spotify,26,32,n ≈ m,Spotify (n ≈ m),4,0.125,10,0.0
00048-00000415.soc,spotify,Spotify,27,28,n ≈ m,Spotify (n ≈ m),3,0.10714285714285714,11,0.0
00048-00000416.soc,spotify,Spotify,27,31,n ≈ m,Spotify (n ≈ m),1,0.03225806451612903,20,0.0
00048-00000417.soc,spotify,Spotify,31,25,n ≈ m,Spotify (n ≈ m),1,0.04,19,0.0
00048-00000447.soc,spotify,Spotify,29,97,n ≪ m,Spotify (n ≪ m),2,0.020618556701030927,96,0.0
00048-00000477.soc,spotify,Spotify,31,78,n ≪ m,Spotify (n ≪ m),2,0.02564102564102564,25,0.0
00048-00000478.soc,spotify,Spotify,30,75,n ≪ m,Spotify (n ≪ m),2,0.02666666666666667,30,0.0
00048-00000479.soc,spotify,Spotify,28,77,n ≪ m,Spotify (n ≪ m),1,0.012987012987012988,36,0.0
00048-00000480.soc,spotify,Spotify,31,84,n ≪ m,Spotify (n ≪ m),1,0.011904761904761904,36,0.0
00048-00000481.soc,spotify,Spotify,30,87,n ≪ m,Spotify (n ≪ m),2,0.022988505747126436,39,0.0
00048-00000482.soc,spotify,Spotify,29,84,n ≪ m,Spotify (n ≪ m),4,0.047619047619047616,56,0.0
00048-00000483.soc,spotify,Spotify,29,91,n ≪ m,Spotify (n ≪ m),1,0.01098901098901099,65,0.0
00048-00000484.soc,spotify,Spotify,31,97,n ≪ m,Spotify (n ≪ m),1,0.010309278350515464,73,0.0
00048-00000485.soc,spotify,Spotify,31,96,n ≪ m,Spotify (n ≪ m),1,0.010416666666666666,71,0.0
00048-00000487.soc,spotify,Spotify,31,97,n ≪ m,Spotify (n ≪ m),2,0.020618556701030927,45,0.0
00048-00000488.soc,spotify,Spotify,30,100,n ≪ m,Spotify (n ≪ m),3,0.03,46,0.0
00048-00000519.soc,spotify,Spotify,29,99,n ≪ m,Spotify (n ≪ m),1,0.010101010101010102,98,0.0
00048-00000537.soc,spotify,Spotify,31,76,n ≪ m,Spotify (n ≪ m),1,0.013157894736842105,47,0.0
00048-00000538.soc,spotify,Spotify,31,78,n ≪ m,Spotify (n ≪ m),3,0.038461538461538464,29,0.0
00048-00000539.soc,spotify,Spotify,28,87,n ≪ m,Spotify (n ≪ m),1,0.011494252873563218,39,0.0
00048-00000540.soc,spotify,Spotify,30,91,n ≪ m,Spotify (n ≪ m),2,0.02197802197802198,41,0.0
00048-00000541.soc,spotify,Spotify,30,85,n ≪ m,Spotify (n ≪ m),1,0.011764705882352941,46,0.0
00048-00000542.soc,spotify,Spotify,29,82,n ≪ m,Spotify (n ≪ m),1,0.012195121951219513,55,0.0
00048-00000543.soc,spotify,Spotify,29,93,n ≪ m,Spotify (n ≪ m),3,0.03225806451612903,65,0.0
00048-00000555.soc,spotify,Spotify,29,70,n ≪ m,Spotify (n ≪ m),2,0.02857142857142857,69,0.0
00048-00000560.soc,spotify,Spotify,30,100,n ≪ m,Spotify (n ≪ m),1,0.01,65,0.0
00048-00000575.soc,spotify,Spotify,28,29,n ≈ m,Spotify (n ≈ m),1,0.034482758620689655,7,0.0
00048-00000576.soc,spotify,Spotify,31,32,n ≈ m,Spotify (n ≈ m),1,0.03125,5,0.0
00048-00000577.soc,spotify,Spotify,30,29,n ≈ m,Spotify (n ≈ m),1,0.034482758620689655,4,0.0
00048-00000578.soc,spotify,Spotify,29,30,n ≈ m,Spotify (n ≈ m),6,0.2,17,0.0
00048-00000579.soc,spotify,Spotify,29,28,n ≈ m,Spotify (n ≈ m),1,0.03571428571428571,26,0.0
00048-00000580.soc,spotify,Spotify,31,33,n ≈ m,Spotify (n ≈ m),1,0.030303030303030304,11,0.0
00048-00000581.soc,spotify,Spotify,29,36,n ≈ m,Spotify (n ≈ m),3,0.08333333333333333,1,0.0
00048-00000583.soc,spotify,Spotify,31,33,n ≈ m,Spotify (n ≈ m),4,0.12121212121212122,15,0.0
00048-00000584.soc,spotify,Spotify,30,31,n ≈ m,Spotify (n ≈ m),3,0.0967741935483871,24,0.0
00048-00000587.soc,spotify,Spotify,24,63,n ≪ m,Spotify (n ≪ m),1,0.015873015873015872,31,0.0
00048-00000588.soc,spotify,Spotify,31,66,n ≪ m,Spotify (n ≪ m),1,0.015151515151515152,32,0.0
00048-00000589.soc,spotify,Spotify,29,67,n ≪ m,Spotify (n ≪ m),3,0.04477611940298507,33,0.0
00048-00000590.soc,spotify,Spotify,29,69,n ≪ m,Spotify (n ≪ m),1,0.014492753623188406,46,0.0
00048-00000591.soc,spotify,Spotify,29,75,n ≪ m,Spotify (n ≪ m),1,0.013333333333333334,51,0.0
00048-00000592.soc,spotify,Spotify,31,77,n ≪ m,Spotify (n ≪ m),4,0.05194805194805195,59,0.0
00048-00000593.soc,spotify,Spotify,31,82,n ≪ m,Spotify (n ≪ m),1,0.012195121951219513,62,0.0
00048-00000594.soc,spotify,Spotify,30,86,n ≪ m,Spotify (n ≪ m),3,0.03488372093023256,67,0.0
00048-00000595.soc,spotify,Spotify,31,84,n ≪ m,Spotify (n ≪ m),4,0.047619047619047616,48,0.0
00048-00000596.soc,spotify,Spotify,30,75,n ≪ m,Spotify (n ≪ m),1,0.013333333333333334,51,0.0
00048-00000597.soc,spotify,Spotify,31,74,n ≪ m,Spotify (n ≪ m),3,0.04054054054054054,20,0.0
00048-00000612.soc,spotify,Spotify,31,97,n ≪ m,Spotify (n ≪ m),1,0.010309278350515464,43,0.0
00048-00000616.soc,spotify,Spotify,31,95,n ≪ m,Spotify (n ≪ m),2,0.021052631578947368,40,0.0
00048-00000621.soc,spotify,Spotify,31,99,n ≪ m,Spotify (n ≪ m),1,0.010101010101010102,91,0.0
00048-00000633.soc,spotify,Spotify,31,72,n ≪ m,Spotify (n ≪ m),1,0.013888888888888888,40,0.0
00048-00000638.soc,spotify,Spotify,29,87,n ≪ m,Spotify (n ≪ m),2,0.022988505747126436,55,0.0
00068-00000001.soi,polish,Polish,23,10,n ≫ m,Polish (n ≫ m),2,0.2,9,0.0
00068-00000002.soi,polish,Polish,15,14,n ≈ m,Polish (n ≈ m),3,0.21428571428571427,13,0.0
00068-00000004.soi,polish,Polish,15,17,n ≈ m,Polish (n ≈ m),3,0.17647058823529413,1,0.0
00068-00000005.soi,polish,Polish,15,5,n ≫ m,Polish (n ≫ m),3,0.6,3,0.0
00068-00000007.soi,polish,Polish,15,13,n ≈ m,Polish (n ≈ m),3,0.23076923076923078,3,0.0
00068-00000008.soi,polish,Polish,15,7,n ≫ m,Polish (n ≫ m),3,0.42857142857142855,3,0.0
00068-00000009.soi,polish,Polish,21,10,n ≫ m,Polish (n ≫ m),1,0.1,4,0.0
00068-00000010.soi,polish,Polish,15,7,n ≫ m,Polish (n ≫ m),1,0.14285714285714285,7,0.0
00068-00000011.soi,polish,Polish,15,5,n ≫ m,Polish (n ≫ m),4,0.8,3,0.0
00068-00000013.soi,polish,Polish,15,7,n ≫ m,Polish (n ≫ m),2,0.2857142857142857,3,0.0
00068-00000014.soi,polish,Polish,15,6,n ≫ m,Polish (n ≫ m),3,0.5,1,0.0
00068-00000015.soi,polish,Polish,15,7,n ≫ m,Polish (n ≫ m),4,0.5714285714285714,4,0.0
00068-00000016.soi,polish,Polish,21,10,n ≫ m,Polish (n ≫ m),4,0.4,2,0.0
00068-00000018.soi,polish,Polish,15,7,n ≫ m,Polish (n ≫ m),2,0.2857142857142857,5,0.0
00068-00000019.soi,polish,Polish,15,7,n ≫ m,Polish (n ≫ m),3,0.42857142857142855,4,0.0
00068-00000021.soi,polish,Polish,15,5,n ≫ m,Polish (n ≫ m),1,0.2,5,0.0
00068-00000024.soi,polish,Polish,15,7,n ≫ m,Polish (n ≫ m),1,0.14285714285714285,2,0.0
00068-00000025.soi,polish,Polish,15,13,n ≈ m,Polish (n ≈ m),3,0.23076923076923078,3,0.0
00068-00000026.soi,polish,Polish,15,5,n ≫ m,Polish (n ≫ m),2,0.4,4,0.0
00068-00000027.soi,polish,Polish,21,7,n ≫ m,Polish (n ≫ m),3,0.42857142857142855,4,0.0
00068-00000028.soi,polish,Polish,15,14,n ≈ m,Polish (n ≈ m),3,0.21428571428571427,4,0.0
00068-00000031.soi,polish,Polish,15,7,n ≫ m,Polish (n ≫ m),2,0.2857142857142857,5,0.0
00068-00000034.soi,polish,Polish,23,10,n ≫ m,Polish (n ≫ m),2,0.2,8,0.0
00068-00000035.soi,polish,Polish,15,4,n ≫ m,Polish (n ≫ m),1,0.25,1,0.0
00068-00000039.soi,polish,Polish,15,7,n ≫ m,Polish (n ≫ m),3,0.42857142857142855,1,0.0
00068-00000043.soi,polish,Polish,15,7,n ≫ m,Polish (n ≫ m),4,0.5714285714285714,5,0.0
00068-00000050.soi,polish,Polish,15,7,n ≫ m,Polish (n ≫ m),4,0.5714285714285714,7,0.0
00068-00000051.soi,polish,Polish,21,9,n ≫ m,Polish (n ≫ m),5,0.5555555555555556,2,0.0
00068-00000052.soi,polish,Polish,15,7,n ≫ m,Polish (n ≫ m),3,0.42857142857142855,2,0.0
00068-00000055.soi,polish,Polish,15,5,n ≫ m,Polish (n ≫ m),3,0.6,2,0.0
00068-00000056.soi,polish,Polish,15,6,n ≫ m,Polish (n ≫ m),3,0.5,3,0.0
00068-00000059.soi,polish,Polish,15,4,n ≫ m,Polish (n ≫ m),1,0.25,2,0.0
00068-00000061.soi,polish,Polish,15,6,n ≫ m,Polish (n ≫ m),2,0.3333333333333333,2,0.0
00068-00000063.soi,polish,Polish,21,10,n ≫ m,Polish (n ≫ m),4,0.4,5,0.0
00068-00000067.soi,polish,Polish,15,7,n ≫ m,Polish (n ≫ m),3,0.42857142857142855,2,0.0
00068-00000069.soi,polish,Polish,23,8,n ≫ m,Polish (n ≫ m),1,0.125,5,0.0
00068-00000071.soi,polish,Polish,15,7,n ≫ m,Polish (n ≫ m),1,0.14285714285714285,7,0.0
00068-00000073.soi,polish,Polish,15,6,n ≫ m,Polish (n ≫ m),3,0.5,6,0.0
00068-00000074.soi,polish,Polish,21,10,n ≫ m,Polish (n ≫ m),6,0.6,1,0.0
00068-00000075.soi,polish,Polish,15,6,n ≫ m,Polish (n ≫ m),3,0.5,6,0.0
00068-00000076.soi,polish,Polish,15,5,n ≫ m,Polish (n ≫ m),3,0.6,5,0.0
00068-00000077.soi,polish,Polish,15,6,n ≫ m,Polish (n ≫ m),3,0.5,3,0.0
00068-00000078.soi,polish,Polish,15,6,n ≫ m,Polish (n ≫ m),3,0.5,6,0.0
00068-00000079.soi,polish,Polish,15,15,n ≈ m,Polish (n ≈ m),4,0.26666666666666666,15,0.0
00068-00000081.soi,polish,Polish,15,6,n ≫ m,Polish (n ≫ m),2,0.3333333333333333,5,0.0
00068-00000084.soi,polish,Polish,15,15,n ≈ m,Polish (n ≈ m),4,0.26666666666666666,11,0.0
00068-00000088.soi,polish,Polish,15,14,n ≈ m,Polish (n ≈ m),5,0.35714285714285715,4,0.0
00068-00000089.soi,polish,Polish,15,14,n ≈ m,Polish (n ≈ m),3,0.21428571428571427,12,0.0
00068-00000090.soi,polish,Polish,15,7,n ≫ m,Polish (n ≫ m),3,0.42857142857142855,7,0.12380952380952381
00068-00000091.soi,polish,Polish,21,10,n ≫ m,Polish (n ≫ m),4,0.4,9,0.0
00068-00000095.soi,polish,Polish,21,10,n ≫ m,Polish (n ≫ m),2,0.2,9,0.0
00068-00000096.soi,polish,Polish,21,7,n ≫ m,Polish (n ≫ m),3,0.42857142857142855,2,0.0
00068-00000097.soi,polish,Polish,21,7,n ≫ m,Polish (n ≫ m),2,0.2857142857142857,7,0.0
00068-00000099.soi,polish,Polish,21,9,n ≫ m,Polish (n ≫ m),2,0.2222222222222222,3,0.0
00068-00000102.soi,polish,Polish,21,9,n ≫ m,Polish (n ≫ m),5,0.5555555555555556,3,0.0
00068-00000105.soi,polish,Polish,15,14,n ≈ m,Polish (n ≈ m),2,0.14285714285714285,12,0.0
00068-00000106.soi,polish,Polish,15,7,n ≫ m,Polish (n ≫ m),3,0.42857142857142855,5,0.0
00068-00000107.soi,polish,Polish,20,9,n ≫ m,Polish (n ≫ m),2,0.2222222222222222,7,0.0
00068-00000108.soi,polish,Polish,15,7,n ≫ m,Polish (n ≫ m),3,0.42857142857142855,4,0.0
00068-00000112.soi,polish,Polish,21,7,n ≫ m,Polish (n ≫ m),3,0.42857142857142855,6,0.0
00068-00000113.soi,polish,Polish,21,19,n ≈ m,Polish (n ≈ m),3,0.15789473684210525,15,0.0
00068-00000115.soi,polish,Polish,15,5,n ≫ m,Polish (n ≫ m),3,0.6,1,0.0
00068-00000116.soi,polish,Polish,15,7,n ≫ m,Polish (n ≫ m),2,0.2857142857142857,6,0.0
00068-00000117.soi,polish,Polish,15,6,n ≫ m,Polish (n ≫ m),2,0.3333333333333333,4,0.0
00068-00000118.soi,polish,Polish,15,6,n ≫ m,Polish (n ≫ m),2,0.3333333333333333,3,0.0
00068-00000119.soi,polish,Polish,15,5,n ≫ m,Polish (n ≫ m),2,0.4,4,0.0
00068-00000120.soi,polish,Polish,15,5,n ≫ m,Polish (n ≫ m),2,0.4,1,0.0
00068-00000121.soi,polish,Polish,15,6,n ≫ m,Polish (n ≫ m),2,0.3333333333333333,6,0.0
00068-00000124.soi,polish,Polish,15,5,n ≫ m,Polish (n ≫ m),2,0.4,2,0.0
00068-00000125.soi,polish,Polish,15,6,n ≫ m,Polish (n ≫ m),2,0.3333333333333333,4,0.0
00068-00000126.soi,polish,Polish,15,7,n ≫ m,Polish (n ≫ m),3,0.42857142857142855,6,0.0
00068-00000128.soi,polish,Polish,21,8,n ≫ m,Polish (n ≫ m),4,0.5,6,0.0
00068-00000130.soi,polish,Polish,21,8,n ≫ m,Polish (n ≫ m),1,0.125,3,0.0
00068-00000133.soi,polish,Polish,15,7,n ≫ m,Polish (n ≫ m),4,0.5714285714285714,6,0.0
00068-00000134.soi,polish,Polish,21,9,n ≫ m,Polish (n ≫ m),1,0.1111111111111111,6,0.0
00068-00000136.soi,polish,Polish,15,6,n ≫ m,Polish (n ≫ m),2,0.3333333333333333,3,0.0
00068-00000137.soi,polish,Polish,21,4,n ≫ m,Polish (n ≫ m),1,0.25,3,0.0
00068-00000139.soi,polish,Polish,15,6,n ≫ m,Polish (n ≫ m),1,0.16666666666666666,2,0.0
00068-00000140.soi,polish,Polish,15,7,n ≫ m,Polish (n ≫ m),3,0.42857142857142855,6,0.0
00068-00000143.soi,polish,Polish,15,18,n ≈ m,Polish (n ≈ m),5,0.2777777777777778,3,0.0
00068-00000145.soi,polish,Polish,21,5,n ≫ m,Polish (n ≫ m),4,0.8,1,0.0
00068-00000147.soi,polish,Polish,21,9,n ≫ m,Polish (n ≫ m),4,0.4444444444444444,1,0.0
00068-00000149.soi,polish,Polish,21,6,n ≫ m,Polish (n ≫ m),1,0.16666666666666666,1,0.0
00068-00000152.soi,polish,Polish,15,5,n ≫ m,Polish (n ≫ m),3,0.6,3,0.0
00068-00000154.soi,polish,Polish,15,4,n ≫ m,Polish (n ≫ m),2,0.5,2,0.0
00068-00000157.soi,polish,Polish,15,5,n ≫ m,Polish (n ≫ m),2,0.4,5,0.06666666666666665
00068-00000160.soi,polish,Polish,15,5,n ≫ m,Polish (n ≫ m),3,0.6,4,0.0
00068-00000161.soi,polish,Polish,15,6,n ≫ m,Polish (n ≫ m),2,0.3333333333333333,4,0.0
00068-00000162.soi,polish,Polish,15,7,n ≫ m,Polish (n ≫ m),3,0.42857142857142855,6,0.0
00068-00000163.soi,polish,Polish,15,6,n ≫ m,Polish (n ≫ m),3,0.5,6,0.0
00068-00000165.soi,polish,Polish,15,4,n ≫ m,Polish (n ≫ m),1,0.25,4,0.016666666666666607
00068-00000166.soi,polish,Polish,15,6,n ≫ m,Polish (n ≫ m),2,0.3333333333333333,1,0.0
00068-00000167.soi,polish,Polish,21,9,n ≫ m,Polish (n ≫ m),4,0.4444444444444444,8,0.11111111111111116
00068-00000168.soi,polish,Polish,15,6,n ≫ m,Polish (n ≫ m),2,0.3333333333333333,5,0.0
00068-00000169.soi,polish,Polish,21,4,n ≫ m,Polish (n ≫ m),2,0.5,1,0.0
00068-00000170.soi,polish,Polish,15,6,n ≫ m,Polish (n ≫ m),2,0.3333333333333333,3,0.0
00068-00000171.soi,polish,Polish,15,5,n ≫ m,Polish (n ≫ m),4,0.8,2,0.0
00068-00000172.soi,polish,Polish,15,6,n ≫ m,Polish (n ≫ m),3,0.5,3,0.0
00068-00000173.soi,polish,Polish,15,6,n ≫ m,Polish (n ≫ m),2,0.3333333333333333,3,0.0
00068-00000174.soi,polish,Polish,21,7,n ≫ m,Polish (n ≫ m),3,0.42857142857142855,3,0.0
00068-00000175.soi,polish,Polish,15,6,n ≫ m,Polish (n ≫ m),2,0.3333333333333333,4,0.0
00068-00000176.soi,polish,Polish,21,8,n ≫ m,Polish (n ≫ m),1,0.125,2,0.0
00068-00000177.soi,polish,Polish,23,9,n ≫ m,Polish (n ≫ m),1,0.1111111111111111,2,0.0
00068-00000178.soi,polish,Polish,15,7,n ≫ m,Polish (n ≫ m),2,0.2857142857142857,1,0.0
00068-00000179.soi,polish,Polish,15,6,n ≫ m,Polish (n ≫ m),2,0.3333333333333333,4,0.10000000000000009
00068-00000180.soi,polish,Polish,15,7,n ≫ m,Polish (n ≫ m),4,0.5714285714285714,2,0.0
00068-00000185.soi,polish,Polish,15,5,n ≫ m,Polish (n ≫ m),2,0.4,3,0.0
00068-00000186.soi,polish,Polish,15,5,n ≫ m,Polish (n ≫ m),3,0.6,3,0.0
00068-00000188.soi,polish,Polish,15,5,n ≫ m,Polish (n ≫ m),3,0.6,3,0.0
00068-00000189.soi,polish,Polish,15,5,n ≫ m,Polish (n ≫ m),2,0.4,2,0.0
00068-00000192.soi,polish,Polish,15,5,n ≫ m,Polish (n ≫ m),2,0.4,1,0.0
00068-00000193.soi,polish,Polish,15,7,n ≫ m,Polish (n ≫ m),2,0.2857142857142857,3,0.0
00068-00000198.soi,polish,Polish,15,7,n ≫ m,Polish (n ≫ m),2,0.2857142857142857,7,0.0
00068-00000200.soi,polish,Polish,21,9,n ≫ m,Polish (n ≫ m),1,0.1111111111111111,1,0.0
00068-00000201.soi,polish,Polish,15,6,n ≫ m,Polish (n ≫ m),2,0.3333333333333333,5,0.0
00068-00000202.soi,polish,Polish,15,6,n ≫ m,Polish (n ≫ m),2,0.3333333333333333,4,0.0
00068-00000203.soi,polish,Polish,21,8,n ≫ m,Polish (n ≫ m),4,0.5,4,0.0
00068-00000204.soi,polish,Polish,15,7,n ≫ m,Polish (n ≫ m),3,0.42857142857142855,4,0.0
00068-00000205.soi,polish,Polish,15,15,n ≈ m,Polish (n ≈ m),4,0.26666666666666666,1,0.0
00068-00000206.soi,polish,Polish,15,5,n ≫ m,Polish (n ≫ m),3,0.6,2,0.0
00068-00000208.soi,polish,Polish,15,7,n ≫ m,Polish (n ≫ m),4,0.5714285714285714,5,0.0
00068-00000211.soi,polish,Polish,15,5,n ≫ m,Polish (n ≫ m),4,0.8,2,0.0
00068-00000214.soi,polish,Polish,15,18,n ≈ m,Polish (n ≈ m),6,0.3333333333333333,8,0.0
00068-00000215.soi,polish,Polish,15,18,n ≈ m,Polish (n ≈ m),5,0.2777777777777778,18,0.14444444444444438
00068-00000217.soi,polish,Polish,15,7,n ≫ m,Polish (n ≫ m),4,0.5714285714285714,6,0.0
00068-00000218.soi,polish,Polish,15,6,n ≫ m,Polish (n ≫ m),3,0.5,6,0.0
00068-00000219.soi,polish,Polish,15,6,n ≫ m,Polish (n ≫ m),2,0.3333333333333333,6,0.0
00068-00000221.soi,polish,Polish,15,5,n ≫ m,Polish (n ≫ m),4,0.8,1,0.0
00068-00000222.soi,polish,Polish,15,6,n ≫ m,Polish (n ≫ m),3,0.5,3,0.0
00068-00000223.soi,polish,Polish,15,6,n ≫ m,Polish (n ≫ m),2,0.3333333333333333,4,0.0
00068-00000224.soi,polish,Polish,15,7,n ≫ m,Polish (n ≫ m),2,0.2857142857142857,3,0.0
00068-00000226.soi,polish,Polish,15,6,n ≫ m,Polish (n ≫ m),3,0.5,1,0.0
00068-00000227.soi,polish,Polish,15,5,n ≫ m,Polish (n ≫ m),3,0.6,1,0.0
00068-00000228.soi,polish,Polish,21,8,n ≫ m,Polish (n ≫ m),3,0.375,6,0.0
00068-00000229.soi,polish,Polish,15,4,n ≫ m,Polish (n ≫ m),1,0.25,3,0.0
00068-00000230.soi,polish,Polish,15,6,n ≫ m,Polish (n ≫ m),3,0.5,1,0.0
00068-00000231.soi,polish,Polish,15,7,n ≫ m,Polish (n ≫ m),3,0.42857142857142855,5,0.0
00068-00000232.soi,polish,Polish,15,6,n ≫ m,Polish (n ≫ m),2,0.3333333333333333,2,0.0
00068-00000233.soi,polish,Polish,15,7,n ≫ m,Polish (n ≫ m),2,0.2857142857142857,1,0.0
00068-00000238.soi,polish,Polish,15,7,n ≫ m,Polish (n ≫ m),2,0.2857142857142857,4,0.0
00068-00000242.soi,polish,Polish,15,6,n ≫ m,Polish (n ≫ m),2,0.3333333333333333,2,0.0
00068-00000244.soi,polish,Polish,15,7,n ≫ m,Polish (n ≫ m),1,0.14285714285714285,1,0.0
00068-00000247.soi,polish,Polish,21,10,n ≫ m,Polish (n ≫ m),4,0.4,8,0.0
00068-00000250.soi,polish,Polish,21,17,n ≈ m,Polish (n ≈ m),4,0.23529411764705882,15,0.0
00068-00000251.soi,polish,Polish,15,13,n ≈ m,Polish (n ≈ m),6,0.46153846153846156,4,0.0
00068-00000253.soi,polish,Polish,15,6,n ≫ m,Polish (n ≫ m),2,0.3333333333333333,1,0.0
00068-00000254.soi,polish,Polish,15,5,n ≫ m,Polish (n ≫ m),2,0.4,4,0.0
00068-00000255.soi,polish,Polish,15,6,n ≫ m,Polish (n ≫ m),1,0.16666666666666666,5,0.0
00068-00000256.soi,polish,Polish,21,8,n ≫ m,Polish (n ≫ m),5,0.625,4,0.0
00068-00000261.soi,polish,Polish,15,13,n ≈ m,Polish (n ≈ m),2,0.15384615384615385,3,0.0
00068-00000262.soi,polish,Polish,15,7,n ≫ m,Polish (n ≫ m),3,0.42857142857142855,7,0.0
00068-00000265.soi,polish,Polish,15,16,n ≈ m,Polish (n ≈ m),1,0.0625,12,0.0
00068-00000266.soi,polish,Polish,15,6,n ≫ m,Polish (n ≫ m),3,0.5,6,0.0
00068-00000268.soi,polish,Polish,15,5,n ≫ m,Polish (n ≫ m),2,0.4,4,0.0
00068-00000269.soi,polish,Polish,15,13,n ≈ m,Polish (n ≈ m),5,0.38461538461538464,13,0.0
00068-00000272.soi,polish,Polish,21,9,n ≫ m,Polish (n ≫ m),2,0.2222222222222222,3,0.0
00068-00000274.soi,polish,Polish,15,6,n ≫ m,Polish (n ≫ m),2,0.3333333333333333,6,0.0
00068-00000275.soi,polish,Polish,15,4,n ≫ m,Polish (n ≫ m),1,0.25,3,0.0
00068-00000278.soi,polish,Polish,21,10,n ≫ m,Polish (n ≫ m),2,0.2,10,0.0
00068-00000279.soi,polish,Polish,23,11,n ≫ m,Polish (n ≫ m),3,0.2727272727272727,6,0.0
00068-00000282.soi,polish,Polish,21,6,n ≫ m,Polish (n ≫ m),1,0.16666666666666666,6,0.0
00068-00000283.soi,polish,Polish,15,13,n ≈ m,Polish (n ≈ m),3,0.23076923076923078,5,0.0
00068-00000284.soi,polish,Polish,15,7,n ≫ m,Polish (n ≫ m),1,0.14285714285714285,7,0.0
00068-00000286.soi,polish,Polish,15,13,n ≈ m,Polish (n ≈ m),3,0.23076923076923078,13,0.0
00068-00000288.soi,polish,Polish,15,5,n ≫ m,Polish (n ≫ m),2,0.4,2,0.0
00068-00000289.soi,polish,Polish,21,10,n ≫ m,Polish (n ≫ m),3,0.3,1,0.0
00068-00000290.soi,polish,Polish,15,13,n ≈ m,Polish (n ≈ m),7,0.5384615384615384,7,0.0
00068-00000292.soi,polish,Polish,15,7,n ≫ m,Polish (n ≫ m),2,0.2857142857142857,4,0.0
00068-00000295.soi,polish,Polish,15,14,n ≈ m,Polish (n ≈ m),3,0.21428571428571427,4,0.0
00068-00000296.soi,polish,Polish,15,7,n ≫ m,Polish (n ≫ m),2,0.2857142857142857,2,0.0
00068-00000301.soi,polish,Polish,15,15,n ≈ m,Polish (n ≈ m),3,0.2,15,0.0
00068-00000302.soi,polish,Polish,15,18,n ≈ m,Polish (n ≈ m),5,0.2777777777777778,14,0.0
00068-00000304.soi,polish,Polish,15,5,n ≫ m,Polish (n ≫ m),2,0.4,3,0.0
00068-00000306.soi,polish,Polish,15,5,n ≫ m,Polish (n ≫ m),2,0.4,3,0.0
00068-00000309.soi,polish,Polish,15,14,n ≈ m,Polish (n ≈ m),6,0.42857142857142855,12,0.5952380952380953
00068-00000311.soi,polish,Polish,15,5,n ≫ m,Polish (n ≫ m),2,0.4,3,0.0
00068-00000312.soi,polish,Polish,15,7,n ≫ m,Polish (n ≫ m),1,0.14285714285714285,7,0.0
00068-00000315.soi,polish,Polish,21,7,n ≫ m,Polish (n ≫ m),4,0.5714285714285714,3,0.0
00068-00000316.soi,polish,Polish,15,6,n ≫ m,Polish (n ≫ m),3,0.5,6,0.0
00068-00000318.soi,polish,Polish,15,6,n ≫ m,Polish (n ≫ m),2,0.3333333333333333,2,0.0
00068-00000319.soi,polish,Polish,15,7,n ≫ m,Polish (n ≫ m),3,0.42857142857142855,7,0.0
00068-00000321.soi,polish,Polish,15,6,n ≫ m,Polish (n ≫ m),4,0.6666666666666666,2,0.0
00068-00000322.soi,polish,Polish,15,7,n ≫ m,Polish (n ≫ m),4,0.5714285714285714,5,0.0
00068-00000326.soi,polish,Polish,15,16,n ≈ m,Polish (n ≈ m),2,0.125,2,0.0
00068-00000329.soi,polish,Polish,21,9,n ≫ m,Polish (n ≫ m),1,0.1111111111111111,2,0.0
00068-00000331.soi,polish,Polish,15,7,n ≫ m,Polish (n ≫ m),2,0.2857142857142857,2,0.0
00068-00000332.soi,polish,Polish,15,7,n ≫ m,Polish (n ≫ m),3,0.42857142857142855,2,0.0
00068-00000333.soi,polish,Polish,15,5,n ≫ m,Polish (n ≫ m),2,0.4,5,0.1333333333333333
00068-00000334.soi,polish,Polish,21,7,n ≫ m,Polish (n ≫ m),1,0.14285714285714285,4,0.0
00068-00000335.soi,polish,Polish,21,7,n ≫ m,Polish (n ≫ m),3,0.42857142857142855,2,0.0
00068-00000336.soi,polish,Polish,21,4,n ≫ m,Polish (n ≫ m),1,0.25,3,0.0
00068-00000337.soi,polish,Polish,15,17,n ≈ m,Polish (n ≈ m),6,0.35294117647058826,2,0.0
00068-00000339.soi,polish,Polish,15,7,n ≫ m,Polish (n ≫ m),2,0.2857142857142857,4,0.0
00068-00000342.soi,polish,Polish,15,13,n ≈ m,Polish (n ≈ m),3,0.23076923076923078,9,0.02564102564102555
00068-00000343.soi,polish,Polish,23,9,n ≫ m,Polish (n ≫ m),3,0.3333333333333333,8,0.0
00068-00000348.soi,polish,Polish,15,6,n ≫ m,Polish (n ≫ m),3,0.5,1,0.0
00068-00000349.soi,polish,Polish,15,6,n ≫ m,Polish (n ≫ m),1,0.16666666666666666,3,0.0
00068-00000351.soi,polish,Polish,15,5,n ≫ m,Polish (n ≫ m),3,0.6,5,0.0
00068-00000352.soi,polish,Polish,15,4,n ≫ m,Polish (n ≫ m),1,0.25,1,0.0
00068-00000353.soi,polish,Polish,15,5,n ≫ m,Polish (n ≫ m),4,0.8,5,0.0
00068-00000356.soi,polish,Polish,15,7,n ≫ m,Polish (n ≫ m),4,0.5714285714285714,4,0.0
00068-00000358.soi,polish,Polish,21,10,n ≫ m,Polish (n ≫ m),3,0.3,7,0.0
00068-00000360.soi,polish,Polish,15,7,n ≫ m,Polish (n ≫ m),3,0.42857142857142855,4,0.0
00068-00000361.soi,polish,Polish,21,10,n ≫ m,Polish (n ≫ m),3,0.3,6,0.0
00068-00000363.soi,polish,Polish,15,6,n ≫ m,Polish (n ≫ m),3,0.5,2,0.0
00068-00000364.soi,polish,Polish,15,6,n ≫ m,Polish (n ≫ m),3,0.5,2,0.0
00068-00000365.soi,polish,Polish,21,9,n ≫ m,Polish (n ≫ m),2,0.2222222222222222,3,0.0
00068-00000366.soi,polish,Polish,21,8,n ≫ m,Polish (n ≫ m),2,0.25,4,0.0
00068-00000368.soi,polish,Polish,15,4,n ≫ m,Polish (n ≫ m),2,0.5,2,0.0
00068-00000370.soi,polish,Polish,15,5,n ≫ m,Polish (n ≫ m),1,0.2,3,0.0
00068-00000372.soi,polish,Polish,21,9,n ≫ m,Polish (n ≫ m),6,0.6666666666666666,4,0.0
00068-00000376.soi,polish,Polish,15,4,n ≫ m,Polish (n ≫ m),1,0.25,3,0.0
00068-00000377.soi,polish,Polish,15,6,n ≫ m,Polish (n ≫ m),2,0.3333333333333333,6,0.0
00068-00000378.soi,polish,Polish,15,6,n ≫ m,Polish (n ≫ m),2,0.3333333333333333,2,0.0
00068-00000379.soi,polish,Polish,15,15,n ≈ m,Polish (n ≈ m),5,0.3333333333333333,13,0.0
00068-00000382.soi,polish,Polish,15,7,n ≫ m,Polish (n ≫ m),2,0.2857142857142857,3,0.0
00068-00000383.soi,polish,Polish,15,6,n ≫ m,Polish (n ≫ m),2,0.3333333333333333,3,0.0
00068-00000386.soi,polish,Polish,15,6,n ≫ m,Polish (n ≫ m),2,0.3333333333333333,5,0.0
00068-00000387.soi,polish,Polish,15,6,n ≫ m,Polish (n ≫ m),2,0.3333333333333333,6,0.0
00068-00000388.soi,polish,Polish,21,9,n ≫ m,Polish (n ≫ m),5,0.5555555555555556,1,0.0
00068-00000389.soi,polish,Polish,21,9,n ≫ m,Polish (n ≫ m),5,0.5555555555555556,3,0.0
00068-00000390.soi,polish,Polish,15,7,n ≫ m,Polish (n ≫ m),4,0.5714285714285714,4,0.0
00068-00000391.soi,polish,Polish,15,7,n ≫ m,Polish (n ≫ m),3,0.42857142857142855,4,0.0
00068-00000393.soi,polish,Polish,21,10,n ≫ m,Polish (n ≫ m),5,0.5,3,0.0
00068-00000394.soi,polish,Polish,15,5,n ≫ m,Polish (n ≫ m),3,0.6,5,0.0
00068-00000395.soi,polish,Polish,15,5,n ≫ m,Polish (n ≫ m),2,0.4,3,0.0
00068-00000396.soi,polish,Polish,21,10,n ≫ m,Polish (n ≫ m),1,0.1,9,0.0
00068-00000404.soi,polish,Polish,21,7,n ≫ m,Polish (n ≫ m),3,0.42857142857142855,5,0.0
00068-00000407.soi,polish,Polish,15,14,n ≈ m,Polish (n ≈ m),3,0.21428571428571427,11,0.0
00068-00000408.soi,polish,Polish,15,6,n ≫ m,Polish (n ≫ m),3,0.5,1,0.0
00068-00000410.soi,polish,Polish,15,5,n ≫ m,Polish (n ≫ m),2,0.4,5,0.0
00068-00000411.soi,polish,Polish,15,6,n ≫ m,Polish (n ≫ m),2,0.3333333333333333,3,0.0
00068-00000413.soi,polish,Polish,15,7,n ≫ m,Polish (n ≫ m),3,0.42857142857142855,5,0.0
00068-00000416.soi,polish,Polish,15,4,n ≫ m,Polish (n ≫ m),2,0.5,3,0.0
00068-00000417.soi,polish,Polish,21,8,n ≫ m,Polish (n ≫ m),3,0.375,8,0.1607142857142858
00068-00000419.soi,polish,Polish,15,7,n ≫ m,Polish (n ≫ m),3,0.42857142857142855,4,0.0
00068-00000421.soi,polish,Polish,15,6,n ≫ m,Polish (n ≫ m),3,0.5,2,0.0
00068-00000422.soi,polish,Polish,21,6,n ≫ m,Polish (n ≫ m),2,0.3333333333333333,6,0.0
00068-00000423.soi,polish,Polish,15,5,n ≫ m,Polish (n ≫ m),3,0.6,5,0.0
00068-00000424.soi,polish,Polish,23,11,n ≫ m,Polish (n ≫ m),2,0.18181818181818182,10,0.0
00068-00000425.soi,polish,Polish,15,7,n ≫ m,Polish (n ≫ m),1,0.14285714285714285,2,0.0
00068-00000427.soi,polish,Polish,15,7,n ≫ m,Polish (n ≫ m),1,0.14285714285714285,2,0.0
00068-00000428.soi,polish,Polish,15,6,n ≫ m,Polish (n ≫ m),2,0.3333333333333333,3,0.0
00068-00000429.soi,polish,Polish,21,9,n ≫ m,Polish (n ≫ m),3,0.3333333333333333,3,0.0
00068-00000430.soi,polish,Polish,15,7,n ≫ m,Polish (n ≫ m),3,0.42857142857142855,5,0.0
00068-00000431.soi,polish,Polish,15,6,n ≫ m,Polish (n ≫ m),3,0.5,3,0.0
00068-00000436.soi,polish,Polish,15,14,n ≈ m,Polish (n ≈ m),3,0.21428571428571427,12,0.0
00068-00000437.soi,polish,Polish,15,6,n ≫ m,Polish (n ≫ m),2,0.3333333333333333,1,0.0
00068-00000438.soi,polish,Polish,15,5,n ≫ m,Polish (n ≫ m),1,0.2,2,0.0
00068-00000439.soi,polish,Polish,15,7,n ≫ m,Polish (n ≫ m),2,0.2857142857142857,1,0.0
00068-00000441.soi,polish,Polish,21,5,n ≫ m,Polish (n ≫ m),1,0.2,1,0.0
00068-00000442.soi,polish,Polish,21,9,n ≫ m,Polish (n ≫ m),4,0.4444444444444444,6,0.0
00068-00000443.soi,polish,Polish,15,7,n ≫ m,Polish (n ≫ m),4,0.5714285714285714,6,0.0
00068-00000444.soi,polish,Polish,15,4,n ≫ m,Polish (n ≫ m),1,0.25,4,0.0
00068-00000445.soi,polish,Polish,15,7,n ≫ m,Polish (n ≫ m),2,0.2857142857142857,6,0.0
00068-00000447.soi,polish,Polish,15,7,n ≫ m,Polish (n ≫ m),4,0.5714285714285714,5,0.04761904761904767
00068-00000449.soi,polish,Polish,15,6,n ≫ m,Polish (n ≫ m),2,0.3333333333333333,2,0.0
00068-00000451.soi,polish,Polish,21,10,n ≫ m,Polish (n ≫ m),4,0.4,4,0.0
00068-00000452.soi,polish,Polish,15,5,n ≫ m,Polish (n ≫ m),3,0.6,2,0.0
00068-00000454.soi,polish,Polish,23,9,n ≫ m,Polish (n ≫ m),1,0.1111111111111111,9,0.0
00068-00000455.soi,polish,Polish,15,7,n ≫ m,Polish (n ≫ m),5,0.7142857142857143,5,0.0
00068-00000457.soi,polish,Polish,15,5,n ≫ m,Polish (n ≫ m),4,0.8,5,0.0
00068-00000458.soi,polish,Polish,21,7,n ≫ m,Polish (n ≫ m),2,0.2857142857142857,3,0.0
00068-00000459.soi,polish,Polish,15,5,n ≫ m,Polish (n ≫ m),2,0.4,2,0.0
00068-00000461.soi,polish,Polish,15,6,n ≫ m,Polish (n ≫ m),3,0.5,1,0.0
00068-00000462.soi,polish,Polish,15,6,n ≫ m,Polish (n ≫ m),2,0.3333333333333333,3,0.0
00068-00000463.soi,polish,Polish,21,7,n ≫ m,Polish (n ≫ m),3,0.42857142857142855,3,0.0
00068-00000464.soi,polish,Polish,15,6,n ≫ m,Polish (n ≫ m),3,0.5,3,0.0
00068-00000465.soi,polish,Polish,15,4,n ≫ m,Polish (n ≫ m),2,0.5,4,0.0
00068-00000470.soi,polish,Polish,15,6,n ≫ m,Polish (n ≫ m),1,0.16666666666666666,3,0.0
00068-00000472.soi,polish,Polish,21,10,n ≫ m,Polish (n ≫ m),2,0.2,9,0.0
00068-00000477.soi,polish,Polish,15,7,n ≫ m,Polish (n ≫ m),3,0.42857142857142855,3,0.0
00068-00000478.soi,polish,Polish,15,5,n ≫ m,Polish (n ≫ m),3,0.6,5,0.0
00068-00000479.soi,polish,Polish,21,7,n ≫ m,Polish (n ≫ m),5,0.7142857142857143,1,0.0
00068-00000480.soi,polish,Polish,15,4,n ≫ m,Polish (n ≫ m),2,0.5,2,0.0
00068-00000481.soi,polish,Polish,15,6,n ≫ m,Polish (n ≫ m),1,0.16666666666666666,2,0.0
00068-00000482.soi,polish,Polish,21,10,n ≫ m,Polish (n ≫ m),4,0.4,3,0.0
00068-00000483.soi,polish,Polish,15,7,n ≫ m,Polish (n ≫ m),1,0.14285714285714285,7,0.0
00068-00000486.soi,polish,Polish,21,4,n ≫ m,Polish (n ≫ m),1,0.25,4,0.0
00068-00000490.soi,polish,Polish,15,7,n ≫ m,Polish (n ≫ m),4,0.5714285714285714,5,0.0
00068-00000492.soi,polish,Polish,15,7,n ≫ m,Polish (n ≫ m),2,0.2857142857142857,2,0.0
00068-00000493.soi,polish,Polish,15,14,n ≈ m,Polish (n ≈ m),3,0.21428571428571427,7,0.0
00068-00000494.soi,polish,Polish,15,5,n ≫ m,Polish (n ≫ m),2,0.4,4,0.0
00068-00000495.soi,polish,Polish,15,7,n ≫ m,Polish (n ≫ m),3,0.42857142857142855,6,0.0
00068-00000497.soi,polish,Polish,15,7,n ≫ m,Polish (n ≫ m),2,0.2857142857142857,1,0.0
00068-00000498.soi,polish,Polish,15,4,n ≫ m,Polish (n ≫ m),2,0.5,3,0.0
00068-00000499.soi,polish,Polish,15,7,n ≫ m,Polish (n ≫ m),3,0.42857142857142855,1,0.0
00068-00000501.soi,polish,Polish,15,5,n ≫ m,Polish (n ≫ m),3,0.6,2,0.0
00068-00000503.soi,polish,Polish,15,5,n ≫ m,Polish (n ≫ m),4,0.8,2,0.0
00068-00000504.soi,polish,Polish,15,4,n ≫ m,Polish (n ≫ m),2,0.5,4,0.0
00068-00000505.soi,polish,Polish,15,5,n ≫ m,Polish (n ≫ m),1,0.2,5,0.0
00068-00000506.soi,polish,Polish,15,5,n ≫ m,Polish (n ≫ m),2,0.4,2,0.0
00068-00000508.soi,polish,Polish,15,7,n ≫ m,Polish (n ≫ m),3,0.42857142857142855,1,0.0
00068-00000510.soi,polish,Polish,21,7,n ≫ m,Polish (n ≫ m),3,0.42857142857142855,1,0.0
00068-00000511.soi,polish,Polish,15,15,n ≈ m,Polish (n ≈ m),3,0.2,5,0.0
00068-00000514.soi,polish,Polish,21,8,n ≫ m,Polish (n ≫ m),4,0.5,6,0.0
00068-00000515.soi,polish,Polish,15,5,n ≫ m,Polish (n ≫ m),2,0.4,2,0.0
00068-00000516.soi,polish,Polish,15,4,n ≫ m,Polish (n ≫ m),2,0.5,2,0.0
00068-00000519.soi,polish,Polish,15,6,n ≫ m,Polish (n ≫ m),2,0.3333333333333333,2,0.0
00068-00000522.soi,polish,Polish,15,5,n ≫ m,Polish (n ≫ m),3,0.6,5,0.0
00068-00000523.soi,polish,Polish,15,7,n ≫ m,Polish (n ≫ m),3,0.42857142857142855,1,0.0
00068-00000524.soi,polish,Polish,21,6,n ≫ m,Polish (n ≫ m),2,0.3333333333333333,1,0.0
00068-00000525.soi,polish,Polish,21,9,n ≫ m,Polish (n ≫ m),3,0.3333333333333333,6,0.0
00068-00000526.soi,polish,Polish,15,7,n ≫ m,Polish (n ≫ m),2,0.2857142857142857,3,0.0
00068-00000527.soi,polish,Polish,15,6,n ≫ m,Polish (n ≫ m),2,0.3333333333333333,2,0.0
00068-00000528.soi,polish,Polish,15,7,n ≫ m,Polish (n ≫ m),2,0.2857142857142857,2,0.0
00068-00000529.soi,polish,Polish,15,6,n ≫ m,Polish (n ≫ m),1,0.16666666666666666,3,0.0
00068-00000530.soi,polish,Polish,23,11,n ≫ m,Polish (n ≫ m),3,0.2727272727272727,11,0.0
00068-00000531.soi,polish,Polish,15,6,n ≫ m,Polish (n ≫ m),3,0.5,4,0.0
00068-00000532.soi,polish,Polish,15,6,n ≫ m,Polish (n ≫ m),1,0.16666666666666666,2,0.0
00068-00000533.soi,polish,Polish,21,9,n ≫ m,Polish (n ≫ m),3,0.3333333333333333,8,0.0
00068-00000535.soi,polish,Polish,15,7,n ≫ m,Polish (n ≫ m),2,0.2857142857142857,1,0.0
00068-00000536.soi,polish,Polish,21,6,n ≫ m,Polish (n ≫ m),2,0.3333333333333333,2,0.0
00068-00000537.soi,polish,Polish,15,6,n ≫ m,Polish (n ≫ m),1,0.16666666666666666,1,0.0
00068-00000538.soi,polish,Polish,15,18,n ≈ m,Polish (n ≈ m),4,0.2222222222222222,2,0.0
00068-00000539.soi,polish,Polish,15,15,n ≈ m,Polish (n ≈ m),7,0.4666666666666667,7,0.0
00068-00000541.soi,polish,Polish,15,7,n ≫ m,Polish (n ≫ m),3,0.42857142857142855,1,0.0
00068-00000544.soi,polish,Polish,21,9,n ≫ m,Polish (n ≫ m),6,0.6666666666666666,4,0.0
00068-00000546.soi,polish,Polish,15,6,n ≫ m,Polish (n ≫ m),3,0.5,3,0.0
00068-00000548.soi,polish,Polish,15,15,n ≈ m,Polish (n ≈ m),7,0.4666666666666667,15,0.0
00068-00000550.soi,polish,Polish,15,7,n ≫ m,Polish (n ≫ m),2,0.2857142857142857,1,0.0
00068-00000551.soi,polish,Polish,21,8,n ≫ m,Polish (n ≫ m),2,0.25,4,0.0
00068-00000552.soi,polish,Polish,15,13,n ≈ m,Polish (n ≈ m),4,0.3076923076923077,5,0.0
00068-00000556.soi,polish,Polish,15,5,n ≫ m,Polish (n ≫ m),3,0.6,4,0.0
00068-00000557.soi,polish,Polish,15,7,n ≫ m,Polish (n ≫ m),2,0.2857142857142857,4,0.0
00068-00000558.soi,polish,Polish,15,18,n ≈ m,Polish (n ≈ m),1,0.05555555555555555,10,0.0
00068-00000562.soi,polish,Polish,15,7,n ≫ m,Polish (n ≫ m),2,0.2857142857142857,4,0.0
00068-00000564.soi,polish,Polish,21,9,n ≫ m,Polish (n ≫ m),4,0.4444444444444444,6,0.0
00068-00000565.soi,polish,Polish,15,6,n ≫ m,Polish (n ≫ m),1,0.16666666666666666,4,0.0
00068-00000567.soi,polish,Polish,15,7,n ≫ m,Polish (n ≫ m),3,0.42857142857142855,5,0.0
00068-00000568.soi,polish,Polish,15,7,n ≫ m,Polish (n ≫ m),1,0.14285714285714285,5,0.0
00068-00000573.soi,polish,Polish,15,7,n ≫ m,Polish (n ≫ m),3,0.42857142857142855,5,0.0
00068-00000575.soi,polish,Polish,15,15,n ≈ m,Polish (n ≈ m),3,0.2,9,0.0
00068-00000578.soi,polish,Polish,15,7,n ≫ m,Polish (n ≫ m),2,0.2857142857142857,4,0.0
00068-00000579.soi,polish,Polish,21,9,n ≫ m,Polish (n ≫ m),3,0.3333333333333333,7,0.0
00068-00000580.soi,polish,Polish,21,9,n ≫ m,Polish (n ≫ m),3,0.3333333333333333,7,0.0
00068-00000581.soi,polish,Polish,15,6,n ≫ m,Polish (n ≫ m),3,0.5,2,0.0
00068-00000582.soi,polish,Polish,15,17,n ≈ m,Polish (n ≈ m),5,0.29411764705882354,16,0.0
00068-00000584.soi,polish,Polish,21,6,n ≫ m,Polish (n ≫ m),3,0.5,3,0.0
00068-00000585.soi,polish,Polish,21,8,n ≫ m,Polish (n ≫ m),3,0.375,1,0.0
00068-00000587.soi,polish,Polish,15,7,n ≫ m,Polish (n ≫ m),2,0.2857142857142857,3,0.0
00068-00000588.soi,polish,Polish,21,9,n ≫ m,Polish (n ≫ m),1,0.1111111111111111,8,0.0
00068-00000589.soi,polish,Polish,15,7,n ≫ m,Polish (n ≫ m),2,0.2857142857142857,1,0.0
00068-00000591.soi,polish,Polish,15,6,n ≫ m,Polish (n ≫ m),1,0.16666666666666666,1,0.0
00068-00000593.soi,polish,Polish,15,6,n ≫ m,Polish (n ≫ m),2,0.3333333333333333,3,0.0
00068-00000594.soi,polish,Polish,21,8,n ≫ m,Polish (n ≫ m),3,0.375,6,0.0
00068-00000596.soi,polish,Polish,15,5,n ≫ m,Polish (n ≫ m),4,0.8,2,0.0
00068-00000598.soi,polish,Polish,15,7,n ≫ m,Polish (n ≫ m),2,0.2857142857142857,7,0.0
00068-00000600.soi,polish,Polish,21,6,n ≫ m,Polish (n ≫ m),1,0.16666666666666666,6,0.0
00068-00000601.soi,polish,Polish,15,5,n ≫ m,Polish (n ≫ m),1,0.2,2,0.0
00068-00000602.soi,polish,Polish,15,7,n ≫ m,Polish (n ≫ m),2,0.2857142857142857,5,0.0
00068-00000604.soi,polish,Polish,15,18,n ≈ m,Polish (n ≈ m),2,0.1111111111111111,10,0.0
00068-00000607.soi,polish,Polish,21,7,n ≫ m,Polish (n ≫ m),1,0.14285714285714285,6,0.0
00068-00000610.soi,polish,Polish,21,6,n ≫ m,Polish (n ≫ m),1,0.16666666666666666,1,0.0
00068-00000611.soi,polish,Polish,15,6,n ≫ m,Polish (n ≫ m),4,0.6666666666666666,2,0.0
00068-00000613.soi,polish,Polish,21,7,n ≫ m,Polish (n ≫ m),2,0.2857142857142857,5,0.0
00068-00000614.soi,polish,Polish,21,8,n ≫ m,Polish (n ≫ m),4,0.5,1,0.0
00068-00000616.soi,polish,Polish,15,7,n ≫ m,Polish (n ≫ m),3,0.42857142857142855,1,0.0
00068-00000618.soi,polish,Polish,21,6,n ≫ m,Polish (n ≫ m),2,0.3333333333333333,2,0.0
00068-00000619.soi,polish,Polish,15,6,n ≫ m,Polish (n ≫ m),2,0.3333333333333333,1,0.0
00068-00000621.soi,polish,Polish,15,5,n ≫ m,Polish (n ≫ m),2,0.4,1,0.0
00068-00000622.soi,polish,Polish,21,9,n ≫ m,Polish (n ≫ m),7,0.7777777777777778,4,0.0
00068-00000623.soi,polish,Polish,15,5,n ≫ m,Polish (n ≫ m),3,0.6,2,0.0
00068-00000624.soi,polish,Polish,15,5,n ≫ m,Polish (n ≫ m),3,0.6,3,0.0
00068-00000626.soi,polish,Polish,21,10,n ≫ m,Polish (n ≫ m),4,0.4,5,0.0
00068-00000628.soi,polish,Polish,21,5,n ≫ m,Polish (n ≫ m),2,0.4,1,0.0
00068-00000630.soi,polish,Polish,15,6,n ≫ m,Polish (n ≫ m),4,0.6666666666666666,1,0.0
00068-00000633.soi,polish,Polish,15,6,n ≫ m,Polish (n ≫ m),3,0.5,1,0.0
00068-00000634.soi,polish,Polish,21,19,n ≈ m,Polish (n ≈ m),3,0.15789473684210525,17,0.0
00068-00000637.soi,polish,Polish,21,8,n ≫ m,Polish (n ≫ m),3,0.375,8,0.0
00068-00000638.soi,polish,Polish,15,5,n ≫ m,Polish (n ≫ m),4,0.8,3,0.0
00068-00000639.soi,polish,Polish,15,4,n ≫ m,Polish (n ≫ m),1,0.25,4,0.0
00068-00000640.soi,polish,Polish,15,6,n ≫ m,Polish (n ≫ m),4,0.6666666666666666,2,0.0
00068-00000641.soi,polish,Polish,15,7,n ≫ m,Polish (n ≫ m),2,0.2857142857142857,2,0.0
00068-00000642.soi,polish,Polish,15,7,n ≫ m,Polish (n ≫ m),3,0.42857142857142855,2,0.0
00068-00000645.soi,polish,Polish,15,5,n ≫ m,Polish (n ≫ m),3,0.6,3,0.0
00068-00000647.soi,polish,Polish,15,5,n ≫ m,Polish (n ≫ m),1,0.2,1,0.0
00068-00000648.soi,polish,Polish,15,7,n ≫ m,Polish (n ≫ m),4,0.5714285714285714,1,0.0
00068-00000651.soi,polish,Polish,15,18,n ≈ m,Polish (n ≈ m),3,0.16666666666666666,9,0.0
00068-00000653.soi,polish,Polish,15,6,n ≫ m,Polish (n ≫ m),1,0.16666666666666666,6,0.0
00068-00000655.soi,polish,Polish,15,5,n ≫ m,Polish (n ≫ m),3,0.6,3,0.0
00068-00000657.soi,polish,Polish,15,13,n ≈ m,Polish (n ≈ m),2,0.15384615384615385,8,0.0
00068-00000658.soi,polish,Polish,15,6,n ≫ m,Polish (n ≫ m),4,0.6666666666666666,3,0.0
00068-00000659.soi,polish,Polish,21,6,n ≫ m,Polish (n ≫ m),3,0.5,1,0.0
00068-00000660.soi,polish,Polish,15,4,n ≫ m,Polish (n ≫ m),1,0.25,2,0.0
00068-00000661.soi,polish,Polish,15,7,n ≫ m,Polish (n ≫ m),2,0.2857142857142857,3,0.0
00068-00000662.soi,polish,Polish,15,5,n ≫ m,Polish (n ≫ m),2,0.4,2,0.0
00068-00000664.soi,polish,Polish,15,4,n ≫ m,Polish (n ≫ m),2,0.5,1,0.0
00068-00000665.soi,polish,Polish,23,11,n ≫ m,Polish (n ≫ m),4,0.36363636363636365,4,0.0
00068-00000667.soi,polish,Polish,15,16,n ≈ m,Polish (n ≈ m),4,0.25,6,0.0
00068-00000668.soi,polish,Polish,15,15,n ≈ m,Polish (n ≈ m),6,0.4,15,0.0
00068-00000669.soi,polish,Polish,21,8,n ≫ m,Polish (n ≫ m),3,0.375,1,0.0
00068-00000670.soi,polish,Polish,21,7,n ≫ m,Polish (n ≫ m),2,0.2857142857142857,2,0.0
00068-00000671.soi,polish,Polish,15,7,n ≫ m,Polish (n ≫ m),2,0.2857142857142857,1,0.0
00068-00000672.soi,polish,Polish,15,13,n ≈ m,Polish (n ≈ m),3,0.23076923076923078,5,0.0
00068-00000673.soi,polish,Polish,15,6,n ≫ m,Polish (n ≫ m),2,0.3333333333333333,6,0.0
00068-00000674.soi,polish,Polish,15,7,n ≫ m,Polish (n ≫ m),3,0.42857142857142855,6,0.0
00068-00000675.soi,polish,Polish,15,5,n ≫ m,Polish (n ≫ m),2,0.4,4,0.0
00068-00000676.soi,polish,Polish,15,6,n ≫ m,Polish (n ≫ m),3,0.5,1,0.0
00068-00000678.soi,polish,Polish,21,10,n ≫ m,Polish (n ≫ m),3,0.3,3,0.0
00068-00000682.soi,polish,Polish,15,15,n ≈ m,Polish (n ≈ m),2,0.13333333333333333,12,0.0
00068-00000683.soi,polish,Polish,15,7,n ≫ m,Polish (n ≫ m),4,0.5714285714285714,3,0.0
00068-00000686.soi,polish,Polish,15,6,n ≫ m,Polish (n ≫ m),3,0.5,3,0.0
00068-00000687.soi,polish,Polish,15,7,n ≫ m,Polish (n ≫ m),3,0.42857142857142855,2,0.0
00068-00000688.soi,polish,Polish,21,10,n ≫ m,Polish (n ≫ m),4,0.4,7,0.0
00068-00000690.soi,polish,Polish,21,10,n ≫ m,Polish (n ≫ m),5,0.5,6,0.0
00068-00000692.soi,polish,Polish,15,7,n ≫ m,Polish (n ≫ m),3,0.42857142857142855,3,0.0
00068-00000693.soi,polish,Polish,15,7,n ≫ m,Polish (n ≫ m),2,0.2857142857142857,2,0.0
00068-00000694.soi,polish,Polish,15,13,n ≈ m,Polish (n ≈ m),2,0.15384615384615385,6,0.0
00068-00000700.soi,polish,Polish,15,5,n ≫ m,Polish (n ≫ m),1,0.2,5,0.0
00068-00000701.soi,polish,Polish,15,7,n ≫ m,Polish (n ≫ m),2,0.2857142857142857,3,0.0
00068-00000702.soi,polish,Polish,15,4,n ≫ m,Polish (n ≫ m),1,0.25,4,0.0
00068-00000704.soi,polish,Polish,15,5,n ≫ m,Polish (n ≫ m),2,0.4,4,0.0
00068-00000705.soi,polish,Polish,21,8,n ≫ m,Polish (n ≫ m),3,0.375,6,0.0
00068-00000706.soi,polish,Polish,15,7,n ≫ m,Polish (n ≫ m),3,0.42857142857142855,5,0.0
00068-00000707.soi,polish,Polish,15,5,n ≫ m,Polish (n ≫ m),2,0.4,2,0.0
00068-00000708.soi,polish,Polish,21,9,n ≫ m,Polish (n ≫ m),3,0.3333333333333333,9,0.0
00068-00000709.soi,polish,Polish,15,5,n ≫ m,Polish (n ≫ m),2,0.4,5,0.0
00068-00000710.soi,polish,Polish,15,7,n ≫ m,Polish (n ≫ m),2,0.2857142857142857,3,0.0
00068-00000711.soi,polish,Polish,15,5,n ≫ m,Polish (n ≫ m),2,0.4,4,0.0
00068-00000712.soi,polish,Polish,15,4,n ≫ m,Polish (n ≫ m),1,0.25,4,0.08333333333333326
00068-00000713.soi,polish,Polish,15,7,n ≫ m,Polish (n ≫ m),3,0.42857142857142855,1,0.0
00068-00000714.soi,polish,Polish,15,5,n ≫ m,Polish (n ≫ m),3,0.6,4,0.0
00068-00000715.soi,polish,Polish,15,7,n ≫ m,Polish (n ≫ m),2,0.2857142857142857,3,0.0
00068-00000716.soi,polish,Polish,21,9,n ≫ m,Polish (n ≫ m),4,0.4444444444444444,3,0.0
00068-00000717.soi,polish,Polish,15,6,n ≫ m,Polish (n ≫ m),2,0.3333333333333333,3,0.0
00068-00000723.soi,polish,Polish,15,6,n ≫ m,Polish (n ≫ m),2,0.3333333333333333,1,0.0
00068-00000724.soi,polish,Polish,15,5,n ≫ m,Polish (n ≫ m),2,0.4,5,0.0
00068-00000726.soi,polish,Polish,15,17,n ≈ m,Polish (n ≈ m),3,0.17647058823529413,15,0.015686274509803866
00068-00000730.soi,polish,Polish,15,7,n ≫ m,Polish (n ≫ m),2,0.2857142857142857,3,0.0
00068-00000731.soi,polish,Polish,15,7,n ≫ m,Polish (n ≫ m),3,0.42857142857142855,5,0.0
00068-00000732.soi,polish,Polish,15,7,n ≫ m,Polish (n ≫ m),2,0.2857142857142857,1,0.0
00068-00000734.soi,polish,Polish,15,5,n ≫ m,Polish (n ≫ m),1,0.2,5,0.0
00068-00000735.soi,polish,Polish,15,6,n ≫ m,Polish (n ≫ m),3,0.5,1,0.0
00068-00000738.soi,polish,Polish,15,6,n ≫ m,Polish (n ≫ m),4,0.6666666666666666,6,0.0
00068-00000739.soi,polish,Polish,15,16,n ≈ m,Polish (n ≈ m),5,0.3125,10,0.0
00068-00000740.soi,polish,Polish,15,5,n ≫ m,Polish (n ≫ m),3,0.6,4,0.0
00068-00000741.soi,polish,Polish,21,7,n ≫ m,Polish (n ≫ m),1,0.14285714285714285,4,0.0
00068-00000742.soi,polish,Polish,21,8,n ≫ m,Polish (n ≫ m),2,0.25,2,0.0
00068-00000744.soi,polish,Polish,21,10,n ≫ m,Polish (n ≫ m),4,0.4,1,0.0
00068-00000748.soi,polish,Polish,15,13,n ≈ m,Polish (n ≈ m),1,0.07692307692307693,5,0.0
00068-00000749.soi,polish,Polish,15,6,n ≫ m,Polish (n ≫ m),3,0.5,1,0.0
00068-00000750.soi,polish,Polish,15,6,n ≫ m,Polish (n ≫ m),3,0.5,4,0.0
00068-00000751.soi,polish,Polish,15,14,n ≈ m,Polish (n ≈ m),3,0.21428571428571427,14,0.06190476190476191
00068-00000754.soi,polish,Polish,21,9,n ≫ m,Polish (n ≫ m),3,0.3333333333333333,6,0.0
00068-00000756.soi,polish,Polish,23,6,n ≫ m,Polish (n ≫ m),1,0.16666666666666666,2,0.0
00068-00000757.soi,polish,Polish,15,6,n ≫ m,Polish (n ≫ m),3,0.5,1,0.0
00068-00000762.soi,polish,Polish,15,6,n ≫ m,Polish (n ≫ m),2,0.3333333333333333,4,0.0
00068-00000765.soi,polish,Polish,21,5,n ≫ m,Polish (n ≫ m),2,0.4,3,0.0
00068-00000766.soi,polish,Polish,21,10,n ≫ m,Polish (n ≫ m),2,0.2,1,0.0
00068-00000767.soi,polish,Polish,21,6,n ≫ m,Polish (n ≫ m),2,0.3333333333333333,3,0.0
00068-00000768.soi,polish,Polish,15,13,n ≈ m,Polish (n ≈ m),2,0.15384615384615385,3,0.0
00068-00000770.soi,polish,Polish,15,7,n ≫ m,Polish (n ≫ m),2,0.2857142857142857,5,0.0
00068-00000772.soi,polish,Polish,15,7,n ≫ m,Polish (n ≫ m),2,0.2857142857142857,4,0.0
00068-00000773.soi,polish,Polish,15,16,n ≈ m,Polish (n ≈ m),3,0.1875,9,0.0
00068-00000774.soi,polish,Polish,15,7,n ≫ m,Polish (n ≫ m),2,0.2857142857142857,1,0.0
00068-00000775.soi,polish,Polish,21,9,n ≫ m,Polish (n ≫ m),3,0.3333333333333333,8,0.31746031746031744
00068-00000776.soi,polish,Polish,15,5,n ≫ m,Polish (n ≫ m),2,0.4,3,0.0
00068-00000777.soi,polish,Polish,15,5,n ≫ m,Polish (n ≫ m),3,0.6,3,0.0
00068-00000780.soi,polish,Polish,15,6,n ≫ m,Polish (n ≫ m),1,0.16666666666666666,1,0.0
00068-00000781.soi,polish,Polish,15,6,n ≫ m,Polish (n ≫ m),2,0.3333333333333333,6,0.0
00068-00000782.soi,polish,Polish,15,5,n ≫ m,Polish (n ≫ m),2,0.4,1,0.0
00068-00000783.soi,polish,Polish,21,9,n ≫ m,Polish (n ≫ m),4,0.4444444444444444,1,0.0
00068-00000787.soi,polish,Polish,15,7,n ≫ m,Polish (n ≫ m),2,0.2857142857142857,1,0.0
00068-00000788.soi,polish,Polish,21,8,n ≫ m,Polish (n ≫ m),4,0.5,1,0.0
00068-00000789.soi,polish,Polish,15,16,n ≈ m,Polish (n ≈ m),4,0.25,16,0.0
00068-00000790.soi,polish,Polish,15,15,n ≈ m,Polish (n ≈ m),2,0.13333333333333333,15,0.0
00068-00000791.soi,polish,Polish,15,16,n ≈ m,Polish (n ≈ m),1,0.0625,15,0.0
00068-00000800.soi,polish,Polish,15,7,n ≫ m,Polish (n ≫ m),2,0.2857142857142857,7,0.0
00068-00000803.soi,polish,Polish,15,15,n ≈ m,Polish (n ≈ m),3,0.2,4,0.0
00068-00000806.soi,polish,Polish,15,6,n ≫ m,Polish (n ≫ m),5,0.8333333333333334,4,0.0
00068-00000807.soi,polish,Polish,21,10,n ≫ m,Polish (n ≫ m),3,0.3,2,0.0
00068-00000809.soi,polish,Polish,15,7,n ≫ m,Polish (n ≫ m),3,0.42857142857142855,7,0.19047619047619047
00068-00000810.soi,polish,Polish,15,7,n ≫ m,Polish (n ≫ m),1,0.14285714285714285,4,0.0
00068-00000811.soi,polish,Polish,15,16,n ≈ m,Polish (n ≈ m),5,0.3125,8,0.0
00068-00000815.soi,polish,Polish,15,7,n ≫ m,Polish (n ≫ m),4,0.5714285714285714,7,0.32380952380952377
00068-00000821.soi,polish,Polish,21,8,n ≫ m,Polish (n ≫ m),3,0.375,2,0.0
00068-00000823.soi,polish,Polish,21,9,n ≫ m,Polish (n ≫ m),5,0.5555555555555556,3,0.0
00068-00000826.soi,polish,Polish,15,7,n ≫ m,Polish (n ≫ m),3,0.42857142857142855,7,0.0
00068-00000827.soi,polish,Polish,15,5,n ≫ m,Polish (n ≫ m),3,0.6,5,0.0
00068-00000828.soi,polish,Polish,21,18,n ≈ m,Polish (n ≈ m),4,0.2222222222222222,7,0.0
00068-00000830.soi,polish,Polish,15,7,n ≫ m,Polish (n ≫ m),2,0.2857142857142857,2,0.0
00068-00000831.soi,polish,Polish,23,10,n ≫ m,Polish (n ≫ m),3,0.3,7,0.0
00068-00000832.soi,polish,Polish,15,13,n ≈ m,Polish (n ≈ m),4,0.3076923076923077,5,0.0
00068-00000833.soi,polish,Polish,15,13,n ≈ m,Polish (n ≈ m),5,0.38461538461538464,5,0.0
00068-00000837.soi,polish,Polish,15,6,n ≫ m,Polish (n ≫ m),3,0.5,3,0.0
00068-00000839.soi,polish,Polish,15,13,n ≈ m,Polish (n ≈ m),1,0.07692307692307693,2,0.0
00068-00000840.soi,polish,Polish,15,6,n ≫ m,Polish (n ≫ m),3,0.5,1,0.0
00068-00000842.soi,polish,Polish,21,7,n ≫ m,Polish (n ≫ m),4,0.5714285714285714,1,0.0
00068-00000843.soi,polish,Polish,15,6,n ≫ m,Polish (n ≫ m),3,0.5,5,0.0
00068-00000844.soi,polish,Polish,15,6,n ≫ m,Polish (n ≫ m),2,0.3333333333333333,4,0.0
00068-00000845.soi,polish,Polish,15,7,n ≫ m,Polish (n ≫ m),2,0.2857142857142857,6,0.12380952380952381
00068-00000847.soi,polish,Polish,15,5,n ≫ m,Polish (n ≫ m),2,0.4,5,0.0
00068-00000848.soi,polish,Polish,15,6,n ≫ m,Polish (n ≫ m),2,0.3333333333333333,4,0.0
00068-00000849.soi,polish,Polish,21,9,n ≫ m,Polish (n ≫ m),6,0.6666666666666666,3,0.0
00068-00000850.soi,polish,Polish,15,7,n ≫ m,Polish (n ≫ m),1,0.14285714285714285,4,0.0
00068-00000853.soi,polish,Polish,15,6,n ≫ m,Polish (n ≫ m),3,0.5,1,0.0
00068-00000854.soi,polish,Polish,15,7,n ≫ m,Polish (n ≫ m),2,0.2857142857142857,1,0.0
00068-00000855.soi,polish,Polish,15,14,n ≈ m,Polish (n ≈ m),4,0.2857142857142857,14,0.0
00068-00000856.soi,polish,Polish,15,5,n ≫ m,Polish (n ≫ m),3,0.6,4,0.0
00068-00000857.soi,polish,Polish,15,4,n ≫ m,Polish (n ≫ m),1,0.25,2,0.0
00068-00000859.soi,polish,Polish,23,11,n ≫ m,Polish (n ≫ m),3,0.2727272727272727,4,0.0
00068-00000862.soi,polish,Polish,15,5,n ≫ m,Polish (n ≫ m),2,0.4,1,0.0
00068-00000863.soi,polish,Polish,21,6,n ≫ m,Polish (n ≫ m),2,0.3333333333333333,1,0.0
00068-00000864.soi,polish,Polish,15,5,n ≫ m,Polish (n ≫ m),3,0.6,4,0.0
00068-00000865.soi,polish,Polish,15,6,n ≫ m,Polish (n ≫ m),2,0.3333333333333333,6,0.03333333333333344
00068-00000866.soi,polish,Polish,21,8,n ≫ m,Polish (n ≫ m),2,0.25,1,0.0
00068-00000867.soi,polish,Polish,15,14,n ≈ m,Polish (n ≈ m),2,0.14285714285714285,9,0.0
00068-00000869.soi,polish,Polish,21,7,n ≫ m,Polish (n ≫ m),3,0.42857142857142855,3,0.0
00068-00000871.soi,polish,Polish,15,6,n ≫ m,Polish (n ≫ m),1,0.16666666666666666,2,0.0
00068-00000872.soi,polish,Polish,15,7,n ≫ m,Polish (n ≫ m),3,0.42857142857142855,1,0.0
00068-00000874.soi,polish,Polish,15,5,n ≫ m,Polish (n ≫ m),1,0.2,5,0.0
00068-00000875.soi,polish,Polish,15,7,n ≫ m,Polish (n ≫ m),3,0.42857142857142855,3,0.0
00068-00000880.soi,polish,Polish,15,5,n ≫ m,Polish (n ≫ m),2,0.4,2,0.0
00068-00000881.soi,polish,Polish,21,5,n ≫ m,Polish (n ≫ m),3,0.6,3,0.0
00068-00000883.soi,polish,Polish,15,7,n ≫ m,Polish (n ≫ m),1,0.14285714285714285,7,0.0
00068-00000884.soi,polish,Polish,15,5,n ≫ m,Polish (n ≫ m),3,0.6,5,0.0
00068-00000885.soi,polish,Polish,15,4,n ≫ m,Polish (n ≫ m),1,0.25,4,0.0
00068-00000886.soi,polish,Polish,21,7,n ≫ m,Polish (n ≫ m),3,0.42857142857142855,4,0.0
00068-00000887.soi,polish,Polish,15,6,n ≫ m,Polish (n ≫ m),3,0.5,5,0.0
00068-00000888.soi,polish,Polish,15,5,n ≫ m,Polish (n ≫ m),2,0.4,1,0.0
00068-00000892.soi,polish,Polish,15,5,n ≫ m,Polish (n ≫ m),3,0.6,3,0.0
00068-00000893.soi,polish,Polish,15,7,n ≫ m,Polish (n ≫ m),2,0.2857142857142857,7,0.05714285714285716
00068-00000894.soi,polish,Polish,15,7,n ≫ m,Polish (n ≫ m),2,0.2857142857142857,4,0.0
00068-00000899.soi,polish,Polish,21,9,n ≫ m,Polish (n ≫ m),4,0.4444444444444444,7,0.031746031746031855
00068-00000902.soi,polish,Polish,15,6,n ≫ m,Polish (n ≫ m),2,0.3333333333333333,1,0.0
00068-00000903.soi,polish,Polish,21,9,n ≫ m,Polish (n ≫ m),2,0.2222222222222222,1,0.0
00068-00000906.soi,polish,Polish,21,9,n ≫ m,Polish (n ≫ m),4,0.4444444444444444,5,0.0
00068-00000911.soi,polish,Polish,15,5,n ≫ m,Polish (n ≫ m),1,0.2,2,0.0
00068-00000913.soi,polish,Polish,15,7,n ≫ m,Polish (n ≫ m),5,0.7142857142857143,4,0.0
00068-00000914.soi,polish,Polish,21,7,n ≫ m,Polish (n ≫ m),3,0.42857142857142855,2,0.0
00068-00000918.soi,polish,Polish,15,5,n ≫ m,Polish (n ≫ m),3,0.6,2,0.0
00068-00000919.soi,polish,Polish,21,7,n ≫ m,Polish (n ≫ m),3,0.42857142857142855,7,0.1428571428571428
00068-00000923.soi,polish,Polish,15,13,n ≈ m,Polish (n ≈ m),5,0.38461538461538464,5,0.0
00068-00000927.soi,polish,Polish,15,7,n ≫ m,Polish (n ≫ m),3,0.42857142857142855,1,0.0
00068-00000928.soi,polish,Polish,21,5,n ≫ m,Polish (n ≫ m),1,0.2,2,0.0
00068-00000929.soi,polish,Polish,15,5,n ≫ m,Polish (n ≫ m),3,0.6,3,0.0
00068-00000930.soi,polish,Polish,15,13,n ≈ m,Polish (n ≈ m),2,0.15384615384615385,12,0.04615384615384621
00068-00000933.soi,polish,Polish,15,6,n ≫ m,Polish (n ≫ m),2,0.3333333333333333,5,0.0
00068-00000934.soi,polish,Polish,21,8,n ≫ m,Polish (n ≫ m),3,0.375,6,0.06547619047619047
00068-00000935.soi,polish,Polish,15,5,n ≫ m,Polish (n ≫ m),3,0.6,3,0.0
00068-00000936.soi,polish,Polish,21,10,n ≫ m,Polish (n ≫ m),3,0.3,7,0.0
00068-00000937.soi,polish,Polish,15,6,n ≫ m,Polish (n ≫ m),3,0.5,3,0.0
00068-00000939.soi,polish,Polish,15,5,n ≫ m,Polish (n ≫ m),3,0.6,2,0.0
00068-00000940.soi,polish,Polish,15,15,n ≈ m,Polish (n ≈ m),4,0.26666666666666666,4,0.0
00068-00000942.soi,polish,Polish,15,14,n ≈ m,Polish (n ≈ m),5,0.35714285714285715,13,0.0
00068-00000943.soi,polish,Polish,15,7,n ≫ m,Polish (n ≫ m),2,0.2857142857142857,2,0.0
00068-00000944.soi,polish,Polish,15,14,n ≈ m,Polish (n ≈ m),3,0.21428571428571427,1,0.0
00068-00000946.soi,polish,Polish,15,14,n ≈ m,Polish (n ≈ m),2,0.14285714285714285,14,0.0
00068-00000952.soi,polish,Polish,21,8,n ≫ m,Polish (n ≫ m),2,0.25,6,0.0
00068-00000953.soi,polish,Polish,15,7,n ≫ m,Polish (n ≫ m),2,0.2857142857142857,6,0.19047619047619047
00068-00000956.soi,polish,Polish,21,8,n ≫ m,Polish (n ≫ m),3,0.375,7,0.11309523809523814
00068-00000958.soi,polish,Polish,15,6,n ≫ m,Polish (n ≫ m),3,0.5,1,0.0
00068-00000959.soi,polish,Polish,15,6,n ≫ m,Polish (n ≫ m),1,0.16666666666666666,5,0.0
00068-00000962.soi,polish,Polish,21,8,n ≫ m,Polish (n ≫ m),2,0.25,7,0.0
00068-00000963.soi,polish,Polish,15,7,n ≫ m,Polish (n ≫ m),2,0.2857142857142857,7,0.05714285714285716
00068-00000964.soi,polish,Polish,21,9,n ≫ m,Polish (n ≫ m),2,0.2222222222222222,4,0.0
00068-00000968.soi,polish,Polish,15,7,n ≫ m,Polish (n ≫ m),3,0.42857142857142855,3,0.0
00068-00000971.soi,polish,Polish,15,5,n ≫ m,Polish (n ≫ m),3,0.6,4,0.0
00068-00000972.soi,polish,Polish,21,6,n ≫ m,Polish (n ≫ m),3,0.5,6,0.0
00068-00000973.soi,polish,Polish,23,11,n ≫ m,Polish (n ≫ m),3,0.2727272727272727,1,0.0
00068-00000980.soi,polish,Polish,21,8,n ≫ m,Polish (n ≫ m),3,0.375,2,0.0
00068-00000981.soi,polish,Polish,15,5,n ≫ m,Polish (n ≫ m),2,0.4,4,0.0
00068-00000982.soi,polish,Polish,21,7,n ≫ m,Polish (n ≫ m),2,0.2857142857142857,7,0.0
00068-00000985.soi,polish,Polish,21,20,n ≈ m,Polish (n ≈ m),4,0.2,4,0.0
00068-00000987.soi,polish,Polish,15,7,n ≫ m,Polish (n ≫ m),3,0.42857142857142855,7,0.0
00068-00000991.soi,polish,Polish,15,7,n ≫ m,Polish (n ≫ m),3,0.42857142857142855,4,0.0
00068-00000994.soi,polish,Polish,15,7,n ≫ m,Polish (n ≫ m),2,0.2857142857142857,6,0.0
00068-00000995.soi,polish,Polish,15,7,n ≫ m,Polish (n ≫ m),2,0.2857142857142857,2,0.0
00068-00000996.soi,polish,Polish,15,5,n ≫ m,Polish (n ≫ m),2,0.4,4,0.0
00068-00000997.soi,polish,Polish,15,6,n ≫ m,Polish (n ≫ m),4,0.6666666666666666,4,0.0
00068-00001000.soi,polish,Polish,15,6,n ≫ m,Polish (n ≫ m),3,0.5,6,0.10000000000000009
00068-00001001.soi,polish,Polish,15,6,n ≫ m,Polish (n ≫ m),2,0.3333333333333333,1,0.0
00068-00001002.soi,polish,Polish,21,6,n ≫ m,Polish (n ≫ m),2,0.3333333333333333,1,0.0
00068-00001003.soi,polish,Polish,15,4,n ≫ m,Polish (n ≫ m),2,0.5,2,0.0
00068-00001004.soi,polish,Polish,15,5,n ≫ m,Polish (n ≫ m),2,0.4,2,0.0
00068-00001006.soi,polish,Polish,21,8,n ≫ m,Polish (n ≫ m),4,0.5,4,0.0
00068-00001010.soi,polish,Polish,15,6,n ≫ m,Polish (n ≫ m),2,0.3333333333333333,1,0.0
00068-00001014.soi,polish,Polish,21,8,n ≫ m,Polish (n ≫ m),3,0.375,8,0.0
00068-00001015.soi,polish,Polish,21,10,n ≫ m,Polish (n ≫ m),3,0.3,3,0.0
00068-00001016.soi,polish,Polish,15,7,n ≫ m,Polish (n ≫ m),3,0.42857142857142855,1,0.0
00068-00001017.soi,polish,Polish,15,7,n ≫ m,Polish (n ≫ m),2,0.2857142857142857,6,0.0
00068-00001018.soi,polish,Polish,15,7,n ≫ m,Polish (n ≫ m),3,0.42857142857142855,3,0.0
00068-00001019.soi,polish,Polish,21,7,n ≫ m,Polish (n ≫ m),1,0.14285714285714285,2,0.0
00068-00001020.soi,polish,Polish,15,6,n ≫ m,Polish (n ≫ m),3,0.5,1,0.0
00068-00001021.soi,polish,Polish,15,13,n ≈ m,Polish (n ≈ m),3,0.23076923076923078,11,0.11282051282051286
00068-00001023.soi,polish,Polish,21,6,n ≫ m,Polish (n ≫ m),3,0.5,4,0.0
00068-00001024.soi,polish,Polish,15,7,n ≫ m,Polish (n ≫ m),2,0.2857142857142857,2,0.0
00068-00001027.soi,polish,Polish,21,9,n ≫ m,Polish (n ≫ m),1,0.1111111111111111,5,0.0
00068-00001029.soi,polish,Polish,15,5,n ≫ m,Polish (n ≫ m),2,0.4,4,0.0
00068-00001030.soi,polish,Polish,15,5,n ≫ m,Polish (n ≫ m),3,0.6,5,0.0
00068-00001032.soi,polish,Polish,15,6,n ≫ m,Polish (n ≫ m),3,0.5,3,0.0
00068-00001035.soi,polish,Polish,15,5,n ≫ m,Polish (n ≫ m),2,0.4,3,0.0
00068-00001038.soi,polish,Polish,21,10,n ≫ m,Polish (n ≫ m),2,0.2,7,0.04285714285714293
00068-00001039.soi,polish,Polish,15,7,n ≫ m,Polish (n ≫ m),1,0.14285714285714285,2,0.0
00068-00001040.soi,polish,Polish,15,6,n ≫ m,Polish (n ≫ m),2,0.3333333333333333,1,0.0
00068-00001042.soi,polish,Polish,15,7,n ≫ m,Polish (n ≫ m),4,0.5714285714285714,3,0.0
00068-00001043.soi,polish,Polish,15,15,n ≈ m,Polish (n ≈ m),6,0.4,11,0.0
00068-00001044.soi,polish,Polish,15,14,n ≈ m,Polish (n ≈ m),4,0.2857142857142857,10,0.18571428571428572
00068-00001045.soi,polish,Polish,15,7,n ≫ m,Polish (n ≫ m),2,0.2857142857142857,4,0.0
00068-00001046.soi,polish,Polish,21,19,n ≈ m,Polish (n ≈ m),6,0.3157894736842105,17,0.03759398496240607
00068-00001047.soi,polish,Polish,15,6,n ≫ m,Polish (n ≫ m),2,0.3333333333333333,2,0.0
00068-00001048.soi,polish,Polish,15,5,n ≫ m,Polish (n ≫ m),2,0.4,3,0.0
00068-00001049.soi,polish,Polish,15,6,n ≫ m,Polish (n ≫ m),2,0.3333333333333333,5,0.0
00068-00001051.soi,polish,Polish,15,7,n ≫ m,Polish (n ≫ m),2,0.2857142857142857,5,0.0
00068-00001055.soi,polish,Polish,15,6,n ≫ m,Polish (n ≫ m),3,0.5,5,0.0
00068-00001056.soi,polish,Polish,15,7,n ≫ m,Polish (n ≫ m),4,0.5714285714285714,1,0.0
00068-00001057.soi,polish,Polish,15,6,n ≫ m,Polish (n ≫ m),2,0.3333333333333333,6,0.0
00068-00001060.soi,polish,Polish,15,7,n ≫ m,Polish (n ≫ m),3,0.42857142857142855,3,0.0
00068-00001061.soi,polish,Polish,15,7,n ≫ m,Polish (n ≫ m),2,0.2857142857142857,3,0.0
00068-00001062.soi,polish,Polish,21,10,n ≫ m,Polish (n ≫ m),4,0.4,6,0.0
00068-00001063.soi,polish,Polish,21,10,n ≫ m,Polish (n ≫ m),5,0.5,1,0.0
00068-00001065.soi,polish,Polish,15,6,n ≫ m,Polish (n ≫ m),2,0.3333333333333333,4,0.0
00068-00001066.soi,polish,Polish,15,7,n ≫ m,Polish (n ≫ m),3,0.42857142857142855,3,0.0
00068-00001068.soi,polish,Polish,15,6,n ≫ m,Polish (n ≫ m),2,0.3333333333333333,6,0.0
00068-00001069.soi,polish,Polish,15,15,n ≈ m,Polish (n ≈ m),7,0.4666666666666667,9,0.0
00068-00001070.soi,polish,Polish,15,6,n ≫ m,Polish (n ≫ m),1,0.16666666666666666,5,0.0
00068-00001075.soi,polish,Polish,15,7,n ≫ m,Polish (n ≫ m),2,0.2857142857142857,1,0.0
00068-00001076.soi,polish,Polish,23,11,n ≫ m,Polish (n ≫ m),5,0.45454545454545453,4,0.0
00068-00001077.soi,polish,Polish,15,5,n ≫ m,Polish (n ≫ m),2,0.4,2,0.0
00068-00001079.soi,polish,Polish,15,5,n ≫ m,Polish (n ≫ m),3,0.6,5,0.0
00068-00001080.soi,polish,Polish,15,6,n ≫ m,Polish (n ≫ m),3,0.5,5,0.0
00068-00001081.soi,polish,Polish,15,4,n ≫ m,Polish (n ≫ m),3,0.75,4,0.0
00068-00001082.soi,polish,Polish,21,7,n ≫ m,Polish (n ≫ m),2,0.2857142857142857,1,0.0
00068-00001083.soi,polish,Polish,15,6,n ≫ m,Polish (n ≫ m),2,0.3333333333333333,4,0.0
00068-00001085.soi,polish,Polish,15,6,n ≫ m,Polish (n ≫ m),2,0.3333333333333333,1,0.0
00068-00001086.soi,polish,Polish,15,6,n ≫ m,Polish (n ≫ m),3,0.5,4,0.0
00068-00001087.soi,polish,Polish,15,13,n ≈ m,Polish (n ≈ m),2,0.15384615384615385,8,0.0
00068-00001089.soi,polish,Polish,15,5,n ≫ m,Polish (n ≫ m),4,0.8,4,0.0
00068-00001091.soi,polish,Polish,15,5,n ≫ m,Polish (n ≫ m),3,0.6,4,0.0
00068-00001092.soi,polish,Polish,15,14,n ≈ m,Polish (n ≈ m),4,0.2857142857142857,10,0.0
00068-00001093.soi,polish,Polish,15,7,n ≫ m,Polish (n ≫ m),5,0.7142857142857143,3,0.0
00068-00001095.soi,polish,Polish,15,5,n ≫ m,Polish (n ≫ m),3,0.6,5,0.0
00068-00001096.soi,polish,Polish,15,5,n ≫ m,Polish (n ≫ m),3,0.6,2,0.0
00068-00001097.soi,polish,Polish,15,4,n ≫ m,Polish (n ≫ m),2,0.5,1,0.0
00068-00001099.soi,polish,Polish,15,7,n ≫ m,Polish (n ≫ m),3,0.42857142857142855,6,0.0
00068-00001100.soi,polish,Polish,21,8,n ≫ m,Polish (n ≫ m),4,0.5,1,0.0
00068-00001101.soi,polish,Polish,15,5,n ≫ m,Polish (n ≫ m),2,0.4,2,0.0
00068-00001102.soi,polish,Polish,15,6,n ≫ m,Polish (n ≫ m),3,0.5,1,0.0
00068-00001104.soi,polish,Polish,21,6,n ≫ m,Polish (n ≫ m),2,0.3333333333333333,1,0.0
00068-00001105.soi,polish,Polish,15,6,n ≫ m,Polish (n ≫ m),3,0.5,3,0.0
00068-00001108.soi,polish,Polish,15,6,n ≫ m,Polish (n ≫ m),2,0.3333333333333333,3,0.0
00068-00001110.soi,polish,Polish,15,5,n ≫ m,Polish (n ≫ m),2,0.4,1,0.0
00068-00001112.soi,polish,Polish,15,7,n ≫ m,Polish (n ≫ m),4,0.5714285714285714,4,0.0
00068-00001113.soi,polish,Polish,15,6,n ≫ m,Polish (n ≫ m),3,0.5,3,0.0
00068-00001114.soi,polish,Polish,23,8,n ≫ m,Polish (n ≫ m),4,0.5,6,0.0
00068-00001116.soi,polish,Polish,15,6,n ≫ m,Polish (n ≫ m),1,0.16666666666666666,2,0.0
00068-00001117.soi,polish,Polish,15,7,n ≫ m,Polish (n ≫ m),3,0.42857142857142855,3,0.0
00068-00001121.soi,polish,Polish,15,6,n ≫ m,Polish (n ≫ m),2,0.3333333333333333,2,0.0
00068-00001122.soi,polish,Polish,15,6,n ≫ m,Polish (n ≫ m),2,0.3333333333333333,4,0.0
00068-00001124.soi,polish,Polish,15,7,n ≫ m,Polish (n ≫ m),3,0.42857142857142855,4,0.0
00068-00001125.soi,polish,Polish,15,4,n ≫ m,Polish (n ≫ m),2,0.5,1,0.0
00068-00001126.soi,polish,Polish,21,6,n ≫ m,Polish (n ≫ m),3,0.5,1,0.0
00068-00001127.soi,polish,Polish,15,7,n ≫ m,Polish (n ≫ m),2,0.2857142857142857,7,0.0
00068-00001130.soi,polish,Polish,21,6,n ≫ m,Polish (n ≫ m),4,0.6666666666666666,4,0.16666666666666674
00068-00001131.soi,polish,Polish,21,7,n ≫ m,Polish (n ≫ m),5,0.7142857142857143,6,0.0
00068-00001132.soi,polish,Polish,15,6,n ≫ m,Polish (n ≫ m),2,0.3333333333333333,4,0.0
00068-00001133.soi,polish,Polish,15,5,n ≫ m,Polish (n ≫ m),2,0.4,5,0.1333333333333333
00068-00001134.soi,polish,Polish,15,5,n ≫ m,Polish (n ≫ m),1,0.2,2,0.0
00068-00001136.soi,polish,Polish,15,5,n ≫ m,Polish (n ≫ m),4,0.8,2,0.0
00068-00001139.soi,polish,Polish,15,6,n ≫ m,Polish (n ≫ m),3,0.5,1,0.0
00068-00001140.soi,polish,Polish,15,5,n ≫ m,Polish (n ≫ m),2,0.4,1,0.0
00068-00001141.soi,polish,Polish,15,4,n ≫ m,Polish (n ≫ m),3,0.75,4,0.0
00068-00001142.soi,polish,Polish,15,7,n ≫ m,Polish (n ≫ m),2,0.2857142857142857,6,0.0
00068-00001143.soi,polish,Polish,15,7,n ≫ m,Polish (n ≫ m),4,0.5714285714285714,7,0.32380952380952377
00068-00001144.soi,polish,Polish,15,6,n ≫ m,Polish (n ≫ m),2,0.3333333333333333,4,0.0
00068-00001145.soi,polish,Polish,15,5,n ≫ m,Polish (n ≫ m),2,0.4,3,0.0
00068-00001148.soi,polish,Polish,21,7,n ≫ m,Polish (n ≫ m),4,0.5714285714285714,3,0.0
00068-00001149.soi,polish,Polish,15,6,n ≫ m,Polish (n ≫ m),3,0.5,6,0.0
00068-00001151.soi,polish,Polish,15,7,n ≫ m,Polish (n ≫ m),2,0.2857142857142857,2,0.0
00068-00001152.soi,polish,Polish,15,16,n ≈ m,Polish (n ≈ m),3,0.1875,14,0.0
00068-00001153.soi,polish,Polish,15,13,n ≈ m,Polish (n ≈ m),3,0.23076923076923078,8,0.0
00068-00001154.soi,polish,Polish,15,6,n ≫ m,Polish (n ≫ m),2,0.3333333333333333,3,0.0
00068-00001155.soi,polish,Polish,15,7,n ≫ m,Polish (n ≫ m),2,0.2857142857142857,2,0.0
00068-00001156.soi,polish,Polish,15,6,n ≫ m,Polish (n ≫ m),2,0.3333333333333333,4,0.0
00068-00001157.soi,polish,Polish,15,4,n ≫ m,Polish (n ≫ m),1,0.25,4,0.0
00068-00001162.soi,polish,Polish,15,7,n ≫ m,Polish (n ≫ m),3,0.42857142857142855,4,0.0
00068-00001163.soi,polish,Polish,15,7,n ≫ m,Polish (n ≫ m),2,0.2857142857142857,6,0.0
00068-00001166.soi,polish,Polish,15,5,n ≫ m,Polish (n ≫ m),2,0.4,3,0.0
00068-00001169.soi,polish,Polish,15,5,n ≫ m,Polish (n ≫ m),1,0.2,4,0.0
00068-00001170.soi,polish,Polish,15,6,n ≫ m,Polish (n ≫ m),3,0.5,6,0.0
00068-00001171.soi,polish,Polish,15,6,n ≫ m,Polish (n ≫ m),1,0.16666666666666666,1,0.0
00068-00001173.soi,polish,Polish,15,5,n ≫ m,Polish (n ≫ m),2,0.4,2,0.0
00068-00001175.soi,polish,Polish,21,10,n ≫ m,Polish (n ≫ m),4,0.4,2,0.0
00068-00001176.soi,polish,Polish,15,7,n ≫ m,Polish (n ≫ m),2,0.2857142857142857,4,0.0
00068-00001178.soi,polish,Polish,15,6,n ≫ m,Polish (n ≫ m),2,0.3333333333333333,1,0.0
00068-00001179.soi,polish,Polish,15,5,n ≫ m,Polish (n ≫ m),3,0.6,4,0.0
00068-00001181.soi,polish,Polish,15,5,n ≫ m,Polish (n ≫ m),3,0.6,5,0.0
00068-00001182.soi,polish,Polish,15,7,n ≫ m,Polish (n ≫ m),2,0.2857142857142857,1,0.0
00068-00001183.soi,polish,Polish,15,7,n ≫ m,Polish (n ≫ m),4,0.5714285714285714,5,0.0
00068-00001184.soi,polish,Polish,15,7,n ≫ m,Polish (n ≫ m),2,0.2857142857142857,3,0.0
00068-00001185.soi,polish,Polish,15,6,n ≫ m,Polish (n ≫ m),3,0.5,3,0.0
00068-00001187.soi,polish,Polish,15,7,n ≫ m,Polish (n ≫ m),3,0.42857142857142855,7,0.0
00068-00001188.soi,polish,Polish,15,6,n ≫ m,Polish (n ≫ m),2,0.3333333333333333,2,0.0
00068-00001189.soi,polish,Polish,15,5,n ≫ m,Polish (n ≫ m),2,0.4,5,0.0
00068-00001190.soi,polish,Polish,15,5,n ≫ m,Polish (n ≫ m),4,0.8,4,0.0
00068-00001191.soi,polish,Polish,15,13,n ≈ m,Polish (n ≈ m),3,0.23076923076923078,11,0.0
00068-00001194.soi,polish,Polish,15,7,n ≫ m,Polish (n ≫ m),2,0.2857142857142857,7,0.0
00068-00001197.soi,polish,Polish,15,5,n ≫ m,Polish (n ≫ m),2,0.4,4,0.0
00068-00001198.soi,polish,Polish,15,6,n ≫ m,Polish (n ≫ m),2,0.3333333333333333,6,0.0
00068-00001199.soi,polish,Polish,15,4,n ≫ m,Polish (n ≫ m),3,0.75,1,0.0
00068-00001201.soi,polish,Polish,15,5,n ≫ m,Polish (n ≫ m),3,0.6,1,0.0
00068-00001202.soi,polish,Polish,15,7,n ≫ m,Polish (n ≫ m),4,0.5714285714285714,3,0.0
00068-00001204.soi,polish,Polish,15,4,n ≫ m,Polish (n ≫ m),1,0.25,4,0.0
00068-00001205.soi,polish,Polish,15,5,n ≫ m,Polish (n ≫ m),3,0.6,1,0.0
00068-00001207.soi,polish,Polish,15,5,n ≫ m,Polish (n ≫ m),3,0.6,4,0.0
00068-00001208.soi,polish,Polish,15,6,n ≫ m,Polish (n ≫ m),3,0.5,6,0.0
00068-00001212.soi,polish,Polish,15,5,n ≫ m,Polish (n ≫ m),2,0.4,5,0.19999999999999996
00068-00001214.soi,polish,Polish,15,6,n ≫ m,Polish (n ≫ m),1,0.16666666666666666,5,0.0
00068-00001219.soi,polish,Polish,15,7,n ≫ m,Polish (n ≫ m),2,0.2857142857142857,5,0.0
00068-00001220.soi,polish,Polish,21,9,n ≫ m,Polish (n ≫ m),3,0.3333333333333333,3,0.0
00068-00001222.soi,polish,Polish,21,10,n ≫ m,Polish (n ≫ m),3,0.3,8,0.0
00068-00001223.soi,polish,Polish,15,7,n ≫ m,Polish (n ≫ m),3,0.42857142857142855,4,0.0
00068-00001225.soi,polish,Polish,15,7,n ≫ m,Polish (n ≫ m),1,0.14285714285714285,7,0.0
00068-00001226.soi,polish,Polish,15,5,n ≫ m,Polish (n ≫ m),2,0.4,5,0.0
00068-00001228.soi,polish,Polish,15,7,n ≫ m,Polish (n ≫ m),3,0.42857142857142855,7,0.0
00068-00001229.soi,polish,Polish,15,7,n ≫ m,Polish (n ≫ m),2,0.2857142857142857,7,0.0
00068-00001232.soi,polish,Polish,15,6,n ≫ m,Polish (n ≫ m),3,0.5,6,0.0
00068-00001233.soi,polish,Polish,15,7,n ≫ m,Polish (n ≫ m),5,0.7142857142857143,6,0.0
00068-00001234.soi,polish,Polish,15,16,n ≈ m,Polish (n ≈ m),3,0.1875,13,0.0
00068-00001235.soi,polish,Polish,15,6,n ≫ m,Polish (n ≫ m),3,0.5,1,0.0
00068-00001236.soi,polish,Polish,15,5,n ≫ m,Polish (n ≫ m),1,0.2,2,0.0
00068-00001237.soi,polish,Polish,21,7,n ≫ m,Polish (n ≫ m),3,0.42857142857142855,6,0.0
00068-00001238.soi,polish,Polish,15,5,n ≫ m,Polish (n ≫ m),1,0.2,1,0.0
00068-00001241.soi,polish,Polish,15,7,n ≫ m,Polish (n ≫ m),1,0.14285714285714285,6,0.0
00068-00001242.soi,polish,Polish,15,7,n ≫ m,Polish (n ≫ m),2,0.2857142857142857,7,0.0
00068-00001243.soi,polish,Polish,15,6,n ≫ m,Polish (n ≫ m),2,0.3333333333333333,6,0.0
00068-00001244.soi,polish,Polish,15,7,n ≫ m,Polish (n ≫ m),2,0.2857142857142857,4,0.0
00068-00001245.soi,polish,Polish,15,7,n ≫ m,Polish (n ≫ m),2,0.2857142857142857,4,0.0
00068-00001247.soi,polish,Polish,21,7,n ≫ m,Polish (n ≫ m),3,0.42857142857142855,5,0.0
00068-00001249.soi,polish,Polish,15,7,n ≫ m,Polish (n ≫ m),2,0.2857142857142857,1,0.0
00068-00001250.soi,polish,Polish,15,13,n ≈ m,Polish (n ≈ m),4,0.3076923076923077,12,0.0
00068-00001252.soi,polish,Polish,15,6,n ≫ m,Polish (n ≫ m),2,0.3333333333333333,6,0.0
00068-00001255.soi,polish,Polish,15,6,n ≫ m,Polish (n ≫ m),2,0.3333333333333333,3,0.0
00068-00001257.soi,polish,Polish,15,4,n ≫ m,Polish (n ≫ m),2,0.5,3,0.10000000000000009
00068-00001258.soi,polish,Polish,15,5,n ≫ m,Polish (n ≫ m),3,0.6,1,0.0
00068-00001263.soi,polish,Polish,15,6,n ≫ m,Polish (n ≫ m),2,0.3333333333333333,6,0.0
00068-00001264.soi,polish,Polish,15,7,n ≫ m,Polish (n ≫ m),4,0.5714285714285714,7,0.05714285714285716
00068-00001265.soi,polish,Polish,15,6,n ≫ m,Polish (n ≫ m),2,0.3333333333333333,5,0.0
00068-00001266.soi,polish,Polish,15,6,n ≫ m,Polish (n ≫ m),2,0.3333333333333333,6,0.0
00068-00001267.soi,polish,Polish,15,7,n ≫ m,Polish (n ≫ m),4,0.5714285714285714,6,0.0
00068-00001268.soi,polish,Polish,15,7,n ≫ m,Polish (n ≫ m),3,0.42857142857142855,3,0.0
00068-00001269.soi,polish,Polish,15,6,n ≫ m,Polish (n ≫ m),3,0.5,3,0.0
00068-00001273.soi,polish,Polish,15,6,n ≫ m,Polish (n ≫ m),1,0.16666666666666666,6,0.0
00068-00001278.soi,polish,Polish,15,5,n ≫ m,Polish (n ≫ m),3,0.6,2,0.0
00068-00001279.soi,polish,Polish,15,6,n ≫ m,Polish (n ≫ m),2,0.3333333333333333,6,0.0
00068-00001280.soi,polish,Polish,15,6,n ≫ m,Polish (n ≫ m),2,0.3333333333333333,1,0.0
00068-00001281.soi,polish,Polish,15,5,n ≫ m,Polish (n ≫ m),3,0.6,3,0.0
00068-00001282.soi,polish,Polish,15,6,n ≫ m,Polish (n ≫ m),3,0.5,1,0.0
00068-00001283.soi,polish,Polish,15,7,n ≫ m,Polish (n ≫ m),1,0.14285714285714285,3,0.0
00068-00001284.soi,polish,Polish,15,7,n ≫ m,Polish (n ≫ m),4,0.5714285714285714,6,0.0
00068-00001285.soi,polish,Polish,21,9,n ≫ m,Polish (n ≫ m),4,0.4444444444444444,7,0.0
00068-00001286.soi,polish,Polish,15,5,n ≫ m,Polish (n ≫ m),2,0.4,2,0.0
00068-00001287.soi,polish,Polish,21,9,n ≫ m,Polish (n ≫ m),1,0.1111111111111111,2,0.0
00068-00001288.soi,polish,Polish,15,15,n ≈ m,Polish (n ≈ m),3,0.2,15,0.19999999999999996
00068-00001289.soi,polish,Polish,15,5,n ≫ m,Polish (n ≫ m),3,0.6,3,0.0
00068-00001290.soi,polish,Polish,15,7,n ≫ m,Polish (n ≫ m),3,0.42857142857142855,6,0.0
00068-00001291.soi,polish,Polish,15,5,n ≫ m,Polish (n ≫ m),3,0.6,2,0.1333333333333333
00068-00001292.soi,polish,Polish,15,13,n ≈ m,Polish (n ≈ m),3,0.23076923076923078,10,0.0
00068-00001294.soi,polish,Polish,15,6,n ≫ m,Polish (n ≫ m),1,0.16666666666666666,1,0.0
00068-00001295.soi,polish,Polish,15,7,n ≫ m,Polish (n ≫ m),2,0.2857142857142857,5,0.0
00068-00001297.soi,polish,Polish,15,7,n ≫ m,Polish (n ≫ m),3,0.42857142857142855,4,0.0
00068-00001299.soi,polish,Polish,21,10,n ≫ m,Polish (n ≫ m),2,0.2,10,0.0
00068-00001303.soi,polish,Polish,15,5,n ≫ m,Polish (n ≫ m),2,0.4,4,0.0
00068-00001304.soi,polish,Polish,15,6,n ≫ m,Polish (n ≫ m),2,0.3333333333333333,4,0.0
00068-00001305.soi,polish,Polish,15,7,n ≫ m,Polish (n ≫ m),4,0.5714285714285714,7,0.0
00068-00001307.soi,polish,Polish,15,4,n ≫ m,Polish (n ≫ m),2,0.5,1,0.0
00068-00001308.soi,polish,Polish,21,9,n ≫ m,Polish (n ≫ m),5,0.5555555555555556,4,0.0
00068-00001309.soi,polish,Polish,15,7,n ≫ m,Polish (n ≫ m),2,0.2857142857142857,3,0.0
00068-00001310.soi,polish,Polish,21,10,n ≫ m,Polish (n ≫ m),5,0.5,6,0.0
00068-00001311.soi,polish,Polish,15,7,n ≫ m,Polish (n ≫ m),3,0.42857142857142855,6,0.0
00068-00001312.soi,polish,Polish,15,7,n ≫ m,Polish (n ≫ m),5,0.7142857142857143,3,0.0
00068-00001314.soi,polish,Polish,15,6,n ≫ m,Polish (n ≫ m),2,0.3333333333333333,3,0.0
00068-00001315.soi,polish,Polish,21,8,n ≫ m,Polish (n ≫ m),4,0.5,7,0.0
00064-00000001.soi,eurovision,Eurovision,19,19,n ≈ m,Eurovision (n ≈ m),9,0.47368421052631576,4,0.0
00064-00000002.soi,eurovision,Eurovision,18,18,n ≈ m,Eurovision (n ≈ m),11,0.6111111111111112,16,0.0
00064-00000003.soi,eurovision,Eurovision,18,18,n ≈ m,Eurovision (n ≈ m),10,0.5555555555555556,16,0.05555555555555558
00064-00000004.soi,eurovision,Eurovision,20,19,n ≈ m,Eurovision (n ≈ m),9,0.47368421052631576,1,0.0
00064-00000005.soi,eurovision,Eurovision,19,19,n ≈ m,Eurovision (n ≈ m),8,0.42105263157894735,1,0.0
00064-00000006.soi,eurovision,Eurovision,19,19,n ≈ m,Eurovision (n ≈ m),10,0.5263157894736842,18,0.05263157894736836
00064-00000007.soi,eurovision,Eurovision,20,19,n ≈ m,Eurovision (n ≈ m),9,0.47368421052631576,12,0.0
00064-00000008.soi,eurovision,Eurovision,18,17,n ≈ m,Eurovision (n ≈ m),9,0.5294117647058824,7,0.0
00064-00000009.soi,eurovision,Eurovision,20,18,n ≈ m,Eurovision (n ≈ m),10,0.5555555555555556,10,0.0
00064-00000010.soi,eurovision,Eurovision,19,19,n ≈ m,Eurovision (n ≈ m),11,0.5789473684210527,10,0.0
00064-00000011.soi,eurovision,Eurovision,19,19,n ≈ m,Eurovision (n ≈ m),10,0.5263157894736842,15,0.0
00064-00000012.soi,eurovision,Eurovision,20,20,n ≈ m,Eurovision (n ≈ m),13,0.65,13,0.0
00064-00000013.soi,eurovision,Eurovision,22,21,n ≈ m,Eurovision (n ≈ m),7,0.3333333333333333,20,0.04112554112554112
00064-00000014.soi,eurovision,Eurovision,21,20,n ≈ m,Eurovision (n ≈ m),10,0.5,3,0.0
00064-00000015.soi,eurovision,Eurovision,22,21,n ≈ m,Eurovision (n ≈ m),11,0.5238095238095238,8,0.0
00064-00000016.soi,eurovision,Eurovision,22,22,n ≈ m,Eurovision (n ≈ m),12,0.5454545454545454,17,0.0
00064-00000017.soi,eurovision,Eurovision,22,21,n ≈ m,Eurovision (n ≈ m),10,0.47619047619047616,16,0.0
00064-00000018.soi,eurovision,Eurovision,23,23,n ≈ m,Eurovision (n ≈ m),10,0.43478260869565216,10,0.0
00064-00000019.soi,eurovision,Eurovision,25,25,n ≈ m,Eurovision (n ≈ m),13,0.52,22,0.0
00064-00000020.soi,eurovision,Eurovision,25,24,n ≈ m,Eurovision (n ≈ m),8,0.3333333333333333,21,0.0
00064-00000021.soi,eurovision,Eurovision,23,23,n ≈ m,Eurovision (n ≈ m),11,0.4782608695652174,17,0.0
00064-00000022.soi,eurovision,Eurovision,23,23,n ≈ m,Eurovision (n ≈ m),11,0.4782608695652174,20,0.04347826086956519
00064-00000023.soi,eurovision,Eurovision,25,23,n ≈ m,Eurovision (n ≈ m),8,0.34782608695652173,11,0.0
00064-00000024.soi,eurovision,Eurovision,25,24,n ≈ m,Eurovision (n ≈ m),9,0.375,11,0.0
00064-00000025.soi,eurovision,Eurovision,23,23,n ≈ m,Eurovision (n ≈ m),10,0.43478260869565216,16,0.0
00064-00000026.soi,eurovision,Eurovision,24,24,n ≈ m,Eurovision (n ≈ m),12,0.5,5,0.0
00064-00000027.soi,eurovision,Eurovision,23,23,n ≈ m,Eurovision (n ≈ m),11,0.4782608695652174,12,0.0
00064-00000028.soi,eurovision,Eurovision,24,24,n ≈ m,Eurovision (n ≈ m),9,0.375,2,0.0
00064-00000029.soi,eurovision,Eurovision,26,25,n ≈ m,Eurovision (n ≈ m),11,0.44,9,0.0
00064-00000039.soi,eurovision,Eurovision,21,19,n ≈ m,Eurovision (n ≈ m),8,0.42105263157894735,10,0.0
00064-00000040.soi,eurovision,Eurovision,22,19,n ≈ m,Eurovision (n ≈ m),9,0.47368421052631576,18,0.031100478468899517
00064-00000042.soi,eurovision,Eurovision,20,17,n ≈ m,Eurovision (n ≈ m),7,0.4117647058823529,4,0.0
00064-00000043.soi,eurovision,Eurovision,22,19,n ≈ m,Eurovision (n ≈ m),8,0.42105263157894735,13,0.0
00064-00000045.soi,eurovision,Eurovision,20,17,n ≈ m,Eurovision (n ≈ m),10,0.5882352941176471,13,0.0
00064-00000046.soi,eurovision,Eurovision,19,17,n ≈ m,Eurovision (n ≈ m),10,0.5882352941176471,10,0.0
00064-00000048.soi,eurovision,Eurovision,21,19,n ≈ m,Eurovision (n ≈ m),11,0.5789473684210527,17,0.1278195488721805
00064-00000049.soi,eurovision,Eurovision,22,19,n ≈ m,Eurovision (n ≈ m),11,0.5789473684210527,11,0.0
00064-00000051.soi,eurovision,Eurovision,21,18,n ≈ m,Eurovision (n ≈ m),8,0.4444444444444444,7,0.0
00064-00000052.soi,eurovision,Eurovision,21,18,n ≈ m,Eurovision (n ≈ m),11,0.6111111111111112,6,0.0
00064-00000054.soi,eurovision,Eurovision,19,16,n ≈ m,Eurovision (n ≈ m),5,0.3125,11,0.0
00064-00000055.soi,eurovision,Eurovision,20,17,n ≈ m,Eurovision (n ≈ m),8,0.47058823529411764,10,0.0
00064-00000057.soi,eurovision,Eurovision,19,16,n ≈ m,Eurovision (n ≈ m),9,0.5625,13,0.0
00064-00000058.soi,eurovision,Eurovision,18,15,n ≈ m,Eurovision (n ≈ m),6,0.4,8,0.0
00064-00000061.soi,eurovision,Eurovision,21,17,n ≈ m,Eurovision (n ≈ m),5,0.29411764705882354,6,0.0
00064-00000062.soi,eurovision,Eurovision,84,26,n ≫ m,Eurovision (n ≫ m),8,0.3076923076923077,26,0.1996336996336996
00064-00000063.soi,eurovision,Eurovision,42,18,n ≫ m,Eurovision (n ≫ m),13,0.7222222222222222,8,0.0
00064-00000064.soi,eurovision,Eurovision,42,18,n ≫ m,Eurovision (n ≫ m),9,0.5,9,0.0
00064-00000065.soi,eurovision,Eurovision,84,26,n ≫ m,Eurovision (n ≫ m),9,0.34615384615384615,7,0.0
00064-00000066.soi,eurovision,Eurovision,42,18,n ≫ m,Eurovision (n ≫ m),8,0.4444444444444444,2,0.0
00064-00000067.soi,eurovision,Eurovision,42,18,n ≫ m,Eurovision (n ≫ m),9,0.5,3,0.0
00064-00000068.soi,eurovision,Eurovision,86,26,n ≫ m,Eurovision (n ≫ m),12,0.46153846153846156,1,0.0
00064-00000069.soi,eurovision,Eurovision,44,19,n ≫ m,Eurovision (n ≫ m),10,0.5263157894736842,1,0.0
00064-00000070.soi,eurovision,Eurovision,42,18,n ≫ m,Eurovision (n ≫ m),9,0.5,4,0.0
00064-00000071.soi,eurovision,Eurovision,82,26,n ≫ m,Eurovision (n ≫ m),13,0.5,11,0.0
00064-00000072.soi,eurovision,Eurovision,40,17,n ≫ m,Eurovision (n ≫ m),10,0.5882352941176471,13,0.0
00064-00000073.soi,eurovision,Eurovision,42,18,n ≫ m,Eurovision (n ≫ m),11,0.6111111111111112,5,0.0
00007-00000002.soi,ers,ERS,83,19,n ≫ m,ERS (n ≫ m),6,0.3157894736842105,16,0.4159797083069119
00007-00000004.soi,ers,ERS,76,20,n ≫ m,ERS (n ≫ m),4,0.2,18,0.46842105263157885
00007-00000006.soi,ers,ERS,73,17,n ≫ m,ERS (n ≫ m),5,0.29411764705882354,10,0.0
00007-00000007.soi,ers,ERS,77,21,n ≫ m,ERS (n ≫ m),4,0.19047619047619047,18,0.5108225108225108
00007-00000015.soi,ers,ERS,44,11,n ≫ m,ERS (n ≫ m),4,0.36363636363636365,11,0.25
00007-00000016.soi,ers,ERS,91,29,n ≫ m,ERS (n ≫ m),7,0.2413793103448276,7,0.0
00007-00000017.soi,ers,ERS,82,5,n ≫ m,ERS (n ≫ m),1,0.2,1,0.0
00007-00000019.soi,ers,ERS,100,5,n ≫ m,ERS (n ≫ m),2,0.4,2,0.0
00007-00000020.soi,ers,ERS,77,6,n ≫ m,ERS (n ≫ m),3,0.5,3,0.0
00007-00000022.soi,ers,ERS,68,3,n ≫ m,ERS (n ≫ m),2,0.6666666666666666,3,0.0
00007-00000024.soi,ers,ERS,58,3,n ≫ m,ERS (n ≫ m),2,0.6666666666666666,1,0.0
00007-00000025.soi,ers,ERS,32,4,n ≫ m,ERS (n ≫ m),2,0.5,4,0.0625
00007-00000028.soi,ers,ERS,63,14,n ≫ m,ERS (n ≫ m),9,0.6428571428571429,2,0.0
00007-00000030.soi,ers,ERS,43,14,n ≫ m,ERS (n ≫ m),6,0.42857142857142855,9,0.0
00007-00000035.soi,ers,ERS,41,6,n ≫ m,ERS (n ≫ m),4,0.6666666666666666,4,0.0
00007-00000053.soi,ers,ERS,49,4,n ≫ m,ERS (n ≫ m),2,0.5,1,0.0
00007-00000054.soi,ers,ERS,86,9,n ≫ m,ERS (n ≫ m),5,0.5555555555555556,3,0.0
00007-00000055.soi,ers,ERS,79,17,n ≫ m,ERS (n ≫ m),4,0.23529411764705882,9,0.0
00007-00000066.soi,ers,ERS,78,7,n ≫ m,ERS (n ≫ m),4,0.5714285714285714,4,0.0
00006-00000007.soc,skate,Skate,9,23,n ≪ m,Skate (n ≪ m),2,0.08695652173913043,20,0.0
00006-00000008.soc,skate,Skate,9,23,n ≪ m,Skate (n ≪ m),2,0.08695652173913043,21,0.0
00006-00000011.soc,skate,Skate,9,20,n ≪ m,Skate (n ≪ m),4,0.2,12,0.0
00006-00000012.soc,skate,Skate,9,20,n ≪ m,Skate (n ≪ m),3,0.15,20,0.0
00006-00000018.soc,skate,Skate,9,24,n ≪ m,Skate (n ≪ m),1,0.041666666666666664,22,0.0
00006-00000021.soc,skate,Skate,7,18,n ≪ m,Skate (n ≪ m),2,0.1111111111111111,15,0.0
00006-00000022.soc,skate,Skate,7,18,n ≪ m,Skate (n ≪ m),3,0.16666666666666666,3,0.0
00006-00000028.soc,skate,Skate,9,24,n ≪ m,Skate (n ≪ m),2,0.08333333333333333,24,0.0
00006-00000029.soc,skate,Skate,9,19,n ≪ m,Skate (n ≪ m),7,0.3684210526315789,9,0.0
00006-00000032.soc,skate,Skate,9,23,n ≪ m,Skate (n ≪ m),3,0.13043478260869565,12,0.0
00006-00000033.soc,skate,Skate,9,23,n ≪ m,Skate (n ≪ m),3,0.13043478260869565,22,0.0
00006-00000034.soc,skate,Skate,9,23,n ≪ m,Skate (n ≪ m),3,0.13043478260869565,21,0.0
00006-00000035.soc,skate,Skate,9,18,n ≪ m,Skate (n ≪ m),1,0.05555555555555555,17,0.0
00006-00000036.soc,skate,Skate,9,18,n ≪ m,Skate (n ≪ m),2,0.1111111111111111,6,0.0
00006-00000037.soc,skate,Skate,9,19,n ≪ m,Skate (n ≪ m),1,0.05263157894736842,17,0.0
00006-00000044.soc,skate,Skate,9,20,n ≪ m,Skate (n ≪ m),1,0.05,19,0.0
00006-00000046.soc,skate,Skate,7,30,n ≪ m,Skate (n ≪ m),3,0.1,25,0.0
00006-00000048.soc,skate,Skate,9,24,n ≪ m,Skate (n ≪ m),2,0.08333333333333333,20,0.0
